datetime,Daily Reservoir Storage in ACFT
2020-04-05,23207.461
2020-04-06,23175.91
2020-04-07,23145.617
2020-04-08,23114.309
2020-04-09,23095.376
2020-04-10,23078.94
2020-04-11,23063.409
2020-04-12,23043.103
2020-04-13,23019.633
2020-04-14,22981.139
2020-04-15,22949.444
2020-04-16,22922.299
2020-04-17,22894.95
2020-04-18,22871.872
2020-04-19,22861.335
2020-04-20,22903.308
2020-04-21,22910.182
2020-04-22,22881.614
2020-04-23,22836.355
2020-04-24,22775.831
2020-04-25,22694.825
2020-04-26,22623.105
2020-04-27,22550.534
2020-04-28,22451.703
2020-04-29,22323.889
2020-04-30,22186.542
2020-05-01,22059.231
2020-05-02,21963.756
2020-05-03,21857.66
2020-05-04,21767.43
2020-05-05,21623.024
2020-05-06,21503.348
2020-05-07,21407.161
2020-05-08,21290.806
2020-05-09,21180.605
2020-05-10,21055.286
2020-05-11,20908.208
2020-05-12,20752.99
2020-05-13,20606.886
2020-05-14,20455.953
2020-05-15,20300.486
2020-05-16,20143.733
2020-05-17,19998.406
2020-05-18,19843.878
2020-05-19,19688.725
2020-05-20,19553.41
2020-05-21,19434.472
2020-05-22,19299.467
2020-05-23,19161.193
2020-05-24,19040.368
2020-05-25,18912.193
2020-05-26,18785.829
2020-05-27,18647.35
2020-05-28,18498.206
2020-05-29,18341.42
2020-05-30,18185.961
2020-05-31,18050.752
2020-06-01,17943.132
2020-06-02,17856.135
2020-06-03,17775.66
2020-06-04,17702.392
2020-06-05,17603.606
2020-06-06,17506.978
2020-06-07,17441.985
2020-06-08,17339.685
2020-06-09,17255.992
2020-06-10,17161.94
2020-06-11,17055.317
2020-06-12,16919.022
2020-06-13,16753.559
2020-06-14,16586.473
2020-06-15,16406.152
2020-06-16,16212.25
2020-06-17,16023.74
2020-06-18,15843.424
2020-06-19,15661.173
2020-06-20,15492.693
2020-06-21,15327.114
2020-06-22,15162.968
2020-06-23,14999.058
2020-06-24,14827.895
2020-06-25,14647.114
2020-06-26,14457.54
2020-06-27,14272.18
2020-06-28,14066.508
2020-06-29,13888.935
2020-06-30,13712.33
2020-07-01,13534.038
2020-07-02,13353.85
2020-07-03,13172.842
2020-07-04,12992.023
2020-07-05,12807.177
2020-07-06,12639.332
2020-07-07,12481.668
2020-07-08,12311.486
2020-07-09,12155.008
2020-07-10,12005.161
2020-07-11,11879.475
2020-07-12,11769.134
2020-07-13,11647.204
2020-07-14,11529.821
2020-07-15,11425.159
2020-07-16,11310.71
2020-07-17,11177.782
2020-07-18,11039.069
2020-07-19,10899.643
2020-07-20,10748.81
2020-07-21,10600.451
2020-07-22,10460.667
2020-07-23,10316.113
2020-07-24,10161.49
2020-07-25,10012.594
2020-07-26,9871.551
2020-07-27,9734.833
2020-07-28,9592.347
2020-07-29,9444.745
2020-07-30,9299.912
2020-07-31,9142.499
2020-08-01,8979.377
2020-08-02,8806.411
2020-08-03,8629.794
2020-08-04,8467.47
2020-08-05,8315.997
2020-08-06,8159.112
2020-08-07,8006.843
2020-08-08,7859.641
2020-08-09,7729.946
2020-08-10,7612.673
2020-08-11,7486.558
2020-08-12,7362.925
2020-08-13,7236.143
2020-08-14,7128.082
2020-08-15,7024.019
2020-08-16,6908.116
2020-08-17,6780.462
2020-08-18,6636.532
2020-08-19,6484.108
2020-08-20,6332.805
2020-08-21,6188.001
2020-08-22,6040.715
2020-08-23,5893.783
2020-08-24,5754.559
2020-08-25,5605.518
2020-08-26,5454.134
2020-08-27,5306.992
2020-08-28,5178.316
2020-08-29,5057.191
2020-08-30,4926.475
2020-08-31,4802.654
2020-09-01,4680.596
2020-09-02,4573.596
2020-09-03,4473.7
2020-09-04,4366.062
2020-09-05,4253.784
2020-09-06,4146.299
2020-09-07,4033.895
2020-09-08,3910.615
2020-09-09,3805.989
2020-09-10,3760.497
2020-09-11,3732.058
2020-09-12,3698.757
2020-09-13,3666.518
2020-09-14,3632.962
2020-09-15,3605.0
2020-09-16,3577.094
2020-09-17,3554.559
2020-09-18,3540.042
2020-09-19,3526.161
2020-09-20,3514.04
2020-09-21,3504.248
2020-09-22,3495.736
2020-09-23,3487.652
2020-09-24,3482.043
2020-09-25,3470.395
2020-09-26,3464.457
2020-09-27,3462.35
2020-09-28,3455.692
2020-09-29,3448.654
2020-09-30,3436.711
2020-10-01,3424.244
2020-10-02,3406.384
2020-10-03,3385.065
2020-10-04,3363.656
2020-10-05,3348.306
2020-10-06,3334.743
2020-10-07,3316.804
2020-10-08,3300.639
2020-10-09,3290.446
2020-10-10,3288.67
2020-10-11,3293.546
2020-10-12,3292.603
2020-10-13,3294.098
2020-10-14,3295.964
2020-10-15,3299.981
2020-10-16,3297.067
2020-10-17,3298.158
2020-10-18,3301.639
2020-10-19,3305.241
2020-10-20,3306.393
2020-10-21,3308.354
2020-10-22,3307.665
2020-10-23,3305.072
2020-10-24,3306.621
2020-10-25,3308.436
2020-10-26,3295.64
2020-10-27,3286.014
2020-10-28,3289.963
2020-10-29,3293.484
2020-10-30,3298.385
2020-10-31,3302.14
2020-11-01,3305.753
2020-11-02,3312.367
2020-11-03,3329.33
2020-11-04,3355.219
2020-11-05,3380.989
2020-11-06,3410.255
2020-11-07,3441.316
2020-11-08,3470.309
2020-11-09,3500.471
2020-11-10,3528.941
2020-11-11,3556.932
2020-11-12,3590.001
2020-11-13,3623.8
2020-11-14,3660.037
2020-11-15,3691.849
2020-11-16,3726.323
2020-11-17,3765.675
2020-11-18,3803.209
2020-11-19,3843.489
2020-11-20,3876.328
2020-11-21,3912.27
2020-11-22,3945.84
2020-11-23,3979.039
2020-11-24,4015.071
2020-11-25,4041.862
2020-11-26,4069.845
2020-11-27,4085.904
2020-11-28,4100.537
2020-11-29,4134.047
2020-11-30,4174.463
2020-12-01,4216.995
2020-12-02,4256.747
2020-12-03,4287.502
2020-12-04,4309.408
2020-12-05,4331.565
2020-12-06,4362.505
2020-12-07,4398.965
2020-12-08,4435.219
2020-12-09,4477.24
2020-12-10,4532.484
2020-12-11,4580.55
2020-12-12,4631.162
2020-12-13,4666.778
2020-12-14,4704.123
2020-12-15,4757.464
2020-12-16,4810.16
2020-12-17,4873.059
2020-12-18,4927.096
2020-12-19,4969.585
2020-12-20,5013.797
2020-12-21,5063.548
2020-12-22,5110.156
2020-12-23,5147.8
2020-12-24,5177.252
2020-12-25,5201.321
2020-12-26,5244.794
2020-12-27,5295.764
2020-12-28,5348.469
2020-12-29,5407.217
2020-12-30,5442.107
2020-12-31,5479.484
2021-01-01,5529.635
2021-01-02,5579.732
2021-01-03,5628.081
2021-01-04,5684.683
2021-01-05,5744.512
2021-01-06,5791.772
2021-01-07,5839.794
2021-01-08,5883.956
2021-01-09,5932.586
2021-01-10,5975.493
2021-01-11,6011.724
2021-01-12,6047.122
2021-01-13,6089.363
2021-01-14,6137.592
2021-01-15,6180.08
2021-01-16,6227.068
2021-01-17,6272.015
2021-01-18,6317.656
2021-01-19,6363.122
2021-01-20,6409.954
2021-01-21,6460.642
2021-01-22,6512.006
2021-01-23,6576.539
2021-01-24,6625.725
2021-01-25,6674.98
2021-01-26,6727.776
2021-01-27,6773.28
2021-01-28,6820.306
2021-01-29,6870.637
2021-01-30,6921.078
2021-01-31,6969.054
2021-02-01,7019.028
2021-02-02,7073.719
2021-02-03,7138.557
2021-02-04,7193.092
2021-02-05,7237.684
2021-02-06,7285.037
2021-02-07,7331.353
2021-02-08,7378.621
2021-02-09,7427.283
2021-02-10,7478.019
2021-02-11,7527.64
2021-02-12,7580.809
2021-02-13,7639.317
2021-02-14,7719.846
2021-02-15,7776.151
2021-02-16,7838.575
2021-02-17,7899.301
2021-02-18,7948.756
2021-02-19,7998.199
2021-02-20,8052.408
2021-02-21,8097.67
2021-02-22,8140.645
2021-02-23,8188.769
2021-02-24,8232.541
2021-02-25,8253.592
2021-02-26,8289.597
2021-02-27,8326.452
2021-02-28,8360.116
2021-03-01,8389.28
2021-03-02,8430.636
2021-03-03,8475.461
2021-03-04,8538.568
2021-03-05,8598.016
2021-03-06,8647.381
2021-03-07,8692.515
2021-03-08,8735.071
2021-03-09,8782.205
2021-03-10,8823.053
2021-03-11,8872.185
2021-03-12,8925.958
2021-03-13,8992.807
2021-03-14,9051.414
2021-03-15,9110.96
2021-03-16,9164.483
2021-03-17,9215.577
2021-03-18,9259.666
2021-03-19,9300.785
2021-03-20,9347.041
2021-03-21,9415.623
2021-03-22,9449.545
2021-03-23,9498.899
2021-03-24,9531.449
2021-03-25,9559.757
2021-03-26,9595.658
2021-03-27,9631.368
2021-03-28,9663.787
2021-03-29,9699.198
2021-03-30,9727.001
2021-03-31,9745.69
2021-04-01,9753.569
2021-04-02,9743.409
2021-04-03,9726.082
2021-04-04,9713.324
2021-04-05,9693.473
2021-04-06,9680.296
2021-04-07,9659.913
2021-04-08,9640.098
2021-04-09,9623.577
2021-04-10,9608.728
2021-04-11,9594.592
2021-04-12,9580.36
2021-04-13,9563.86
2021-04-14,9546.818
2021-04-15,9531.687
2021-04-16,9523.611
2021-04-17,9516.245
2021-04-18,9499.798
2021-04-19,9489.59
2021-04-20,9464.328
2021-04-21,9448.212
2021-04-22,9431.241
2021-04-23,9410.975
2021-04-24,9380.809
2021-04-25,9349.598
2021-04-26,9316.697
2021-04-27,9313.888
2021-04-28,9296.302
2021-04-29,9271.432
2021-04-30,9244.924
2021-05-01,9203.291
2021-05-02,9156.177
2021-05-03,9102.346
2021-05-04,9043.006
2021-05-05,8978.055
2021-05-06,8918.052
2021-05-07,8848.213
2021-05-08,8787.911
2021-05-09,8713.201
2021-05-10,8646.722
2021-05-11,8581.719
2021-05-12,8522.36
2021-05-13,8465.395
2021-05-14,8405.387
2021-05-15,8333.018
2021-05-16,8260.915
2021-05-17,8208.523
2021-05-18,8140.388
2021-05-19,8071.101
2021-05-20,7972.641
2021-05-21,7907.574
2021-05-22,7838.872
2021-05-23,7783.746
2021-05-24,7739.985
2021-05-25,7697.635
2021-05-26,7637.903
2021-05-27,7569.902
2021-05-28,7510.629
2021-05-29,7460.567
2021-05-30,7401.418
2021-05-31,7329.745
2021-06-01,7273.164
2021-06-02,7220.744
2021-06-03,7162.809
2021-06-04,7094.516
2021-06-05,7043.017
2021-06-06,6977.722
2021-06-07,6930.594
2021-06-08,6883.287
2021-06-09,6841.012
2021-06-10,6809.37
2021-06-11,6748.66
2021-06-12,6726.99
2021-06-13,6701.736
2021-06-14,6662.901
2021-06-15,6627.04
2021-06-16,6580.125
2021-06-17,6536.335
2021-06-18,6478.056
2021-06-19,6414.181
2021-06-20,6352.978
2021-06-21,6283.99
2021-06-22,6198.317
2021-06-23,6118.301
2021-06-24,6039.161
2021-06-25,5966.4
2021-06-26,5903.96
2021-06-27,5834.47
2021-06-28,5774.35
2021-06-29,5703.559
2021-06-30,5636.878
2021-07-01,5563.093
2021-07-02,5499.85
2021-07-03,5432.55
2021-07-04,5370.803
2021-07-05,5309.086
2021-07-06,5245.882
2021-07-07,5180.276
2021-07-08,5121.603
2021-07-09,5063.755
2021-07-10,5005.693
2021-07-11,4945.635
2021-07-12,4894.033
2021-07-13,4849.303
2021-07-14,4795.038
2021-07-15,4760.539
2021-07-16,4731.625
2021-07-17,4699.62
2021-07-18,4696.11
2021-07-19,4730.227
2021-07-20,4725.815
2021-07-21,4717.768
2021-07-22,4699.291
2021-07-23,4678.138
2021-07-24,4655.009
2021-07-25,4636.516
2021-07-26,4624.43
2021-07-27,4618.485
2021-07-28,4614.815
2021-07-29,4592.842
2021-07-30,4646.628
2021-07-31,4630.332
2021-08-01,4608.59
2021-08-02,4665.397
2021-08-03,4647.06
2021-08-04,4606.356
2021-08-05,4553.264
2021-08-06,4493.381
2021-08-07,4440.504
2021-08-08,4382.441
2021-08-09,4313.651
2021-08-10,4245.522
2021-08-11,4181.106
2021-08-12,4111.397
2021-08-13,4047.426
2021-08-14,3980.789
2021-08-15,3918.441
2021-08-16,3847.846
2021-08-17,3777.163
2021-08-18,3704.989
2021-08-19,3661.129
2021-08-20,3606.822
2021-08-21,3553.122
2021-08-22,3498.468
2021-08-23,3450.0
2021-08-24,3391.428
2021-08-25,3334.627
2021-08-26,3281.51
2021-08-27,3217.352
2021-08-28,3151.518
2021-08-29,3089.555
2021-08-30,3025.475
2021-08-31,2960.346
2021-09-01,2930.078
2021-09-02,2880.836
2021-09-03,2834.124
2021-09-04,2783.327
2021-09-05,2732.724
2021-09-06,2679.025
2021-09-07,2621.009
2021-09-08,2556.775
2021-09-09,2501.319
2021-09-10,2449.348
2021-09-11,2402.078
2021-09-12,2361.053
2021-09-13,2316.896
2021-09-14,2276.298
2021-09-15,2238.219
2021-09-16,2193.743
2021-09-17,2156.027
2021-09-18,2109.356
2021-09-19,2074.456
2021-09-20,2040.912
2021-09-21,2014.844
2021-09-22,1992.878
2021-09-23,1971.802
2021-09-24,1946.259
2021-09-25,1922.643
2021-09-26,1895.578
2021-09-27,1879.796
2021-09-28,1856.602
2021-09-29,1833.415
2021-09-30,1817.307
2021-10-01,1799.211
2021-10-02,1778.862
2021-10-03,1758.402
2021-10-04,1738.214
2021-10-05,1715.121
2021-10-06,1709.674
2021-10-07,1696.986
2021-10-08,1672.295
2021-10-09,1689.526
2021-10-10,1688.255
2021-10-11,1669.905
2021-10-12,1667.32
2021-10-13,1665.179
2021-10-14,1670.375
2021-10-15,1668.839
2021-10-16,1669.952
2021-10-17,1670.818
2021-10-18,1668.195
2021-10-19,1678.985
2021-10-20,1681.234
2021-10-21,1683.799
2021-10-22,1685.21
2021-10-23,1679.051
2021-10-24,1689.468
2021-10-25,1693.042
2021-10-26,1728.72
2021-10-27,1737.764
2021-10-28,1743.734
2021-10-29,1746.266
2021-10-30,1748.815
2021-10-31,1752.112
2021-11-01,1754.017
2021-11-02,1762.341
2021-11-03,1781.647
2021-11-04,1812.426
2021-11-05,1848.412
2021-11-06,1884.4
2021-11-07,1918.473
2021-11-08,1953.653
2021-11-09,1982.199
2021-11-10,2032.937
2021-11-11,2071.282
2021-11-12,2108.299
2021-11-13,2144.462
2021-11-14,2179.085
2021-11-15,2215.817
2021-11-16,2254.057
2021-11-17,2296.636
2021-11-18,2322.5
2021-11-19,2356.878
2021-11-20,2402.156
2021-11-21,2435.4
2021-11-22,2456.368
2021-11-23,2473.571
2021-11-24,2521.615
2021-11-25,2538.656
2021-11-26,2557.946
2021-11-27,2588.687
2021-11-28,2628.853
2021-11-29,2669.026
2021-11-30,2708.877
2021-12-01,2742.862
2021-12-02,2778.868
2021-12-03,2815.113
2021-12-04,2852.407
2021-12-05,2889.334
2021-12-06,2921.44
2021-12-07,2976.365
2021-12-08,3016.847
2021-12-09,3054.57
2021-12-10,3128.746
2021-12-11,3150.031
2021-12-12,3169.132
2021-12-13,3208.117
2021-12-14,3248.48
2021-12-15,3343.665
2021-12-16,3383.075
2021-12-17,3422.533
2021-12-18,3460.805
2021-12-19,3484.809
2021-12-20,3521.617
2021-12-21,3564.927
2021-12-22,3598.494
2021-12-23,3636.473
2021-12-24,3720.781
2021-12-25,3818.291
2021-12-26,3871.974
2021-12-27,3926.77
2021-12-28,3986.664
2021-12-29,4042.051
2021-12-30,4085.944
2021-12-31,4138.742
2022-01-01,4198.688
2022-01-02,4219.153
2022-01-03,4233.784
2022-01-04,4282.341
2022-01-05,4332.966
2022-01-06,4390.979
2022-01-07,4450.377
2022-01-08,4524.443
2022-01-09,4581.046
2022-01-10,4631.085
2022-01-11,4675.519
2022-01-12,4725.104
2022-01-13,4772.584
2022-01-14,4835.552
2022-01-15,4880.742
2022-01-16,4927.583
2022-01-17,4976.319
2022-01-18,5026.6
2022-01-19,5076.608
2022-01-20,5116.222
2022-01-21,5148.953
2022-01-22,5205.556
2022-01-23,5246.05
2022-01-24,5279.696
2022-01-25,5333.929
2022-01-26,5370.247
2022-01-27,5411.145
2022-01-28,5447.982
2022-01-29,5480.707
2022-01-30,5521.724
2022-01-31,5552.061
2022-02-01,5606.733
2022-02-02,5632.682
2022-02-03,5644.418
2022-02-04,5670.109
2022-02-05,5695.997
2022-02-06,5742.641
2022-02-07,5792.558
2022-02-08,5834.29
2022-02-09,5875.198
2022-02-10,5915.123
2022-02-11,5964.009
2022-02-12,6008.111
2022-02-13,6043.925
2022-02-14,6073.963
2022-02-15,6111.936
2022-02-16,6166.129
2022-02-17,6199.802
2022-02-18,6229.926
2022-02-19,6265.216
2022-02-20,6289.035
2022-02-21,6327.325
2022-02-22,6383.053
2022-02-23,6454.67
2022-02-24,6485.572
2022-02-25,6525.168
2022-02-26,6559.592
2022-02-27,6584.914
2022-02-28,6631.233
2022-03-01,6670.241
2022-03-02,6728.472
2022-03-03,6786.023
2022-03-04,6839.3
2022-03-05,6894.657
2022-03-06,6956.346
2022-03-07,6983.455
2022-03-08,7003.865
2022-03-09,7044.515
2022-03-10,7117.312
2022-03-11,7126.958
2022-03-12,7155.053
2022-03-13,7198.131
2022-03-14,7241.353
2022-03-15,7272.724
2022-03-16,7318.485
2022-03-17,7364.824
2022-03-18,7413.985
2022-03-19,7433.656
2022-03-20,7486.439
2022-03-21,7532.728
2022-03-22,7577.68
2022-03-23,7600.171
2022-03-24,7643.305
2022-03-25,7678.7
2022-03-26,7728.186
2022-03-27,7791.603
2022-03-28,7845.858
2022-03-29,7929.826
2022-03-30,7999.932
2022-03-31,8065.721
2022-04-01,8098.644
2022-04-02,8076.688
2022-04-03,8056.562
2022-04-04,8039.665
2022-04-05,8037.478
2022-04-06,8017.163
2022-04-07,7963.294
2022-04-08,7958.3
2022-04-09,7928.675
2022-04-10,7905.131
2022-04-11,7870.813
2022-04-12,7888.351
2022-04-13,7846.118
2022-04-14,7820.697
2022-04-15,7814.64
2022-04-16,7788.546
2022-04-17,7776.798
2022-04-18,7754.085
2022-04-19,7735.147
2022-04-20,7722.643
2022-04-21,7697.412
2022-04-22,7707.063
2022-04-23,7706.713
2022-04-24,7689.705
2022-04-25,7676.11
2022-04-26,7644.078
2022-04-27,7606.211
2022-04-28,7552.41
2022-04-29,7498.019
2022-04-30,7429.809
2022-05-01,7379.745
2022-05-02,7322.232
2022-05-03,7286.048
2022-05-04,7247.277
2022-05-05,7199.716
2022-05-06,7151.327
2022-05-07,7108.324
2022-05-08,7096.687
2022-05-09,7060.343
2022-05-10,7012.646
2022-05-11,6944.515
2022-05-12,6881.601
2022-05-13,6829.71
2022-05-14,6784.848
2022-05-15,6715.655
2022-05-16,6664.923
2022-05-17,6611.804
2022-05-18,6563.644
2022-05-19,6479.968
2022-05-20,6454.383
2022-05-21,6384.332
2022-05-22,6342.191
2022-05-23,6291.501
2022-05-24,6233.679
2022-05-25,6173.811
2022-05-26,6112.96
2022-05-27,6038.981
2022-05-28,5951.77
2022-05-29,5905.931
2022-05-30,5839.116
2022-05-31,5791.213
2022-06-01,5726.655
2022-06-02,5664.683
2022-06-03,5611.9
2022-06-04,5553.543
2022-06-05,5498.511
2022-06-06,5441.084
2022-06-07,5400.041
2022-06-08,5349.99
2022-06-09,5301.791
2022-06-10,5261.934
2022-06-11,5217.312
2022-06-12,5170.192
2022-06-13,5129.489
2022-06-14,5086.09
2022-06-15,5048.213
2022-06-16,5027.769
2022-06-17,4973.384
2022-06-18,4933.513
2022-06-19,4882.047
2022-06-20,4824.07
2022-06-21,4775.836
2022-06-22,4706.115
2022-06-23,4648.426
2022-06-24,4590.17
2022-06-25,4525.935
2022-06-26,4466.102
2022-06-27,4410.119
2022-06-28,4354.835
2022-06-29,4292.565
2022-06-30,4219.966
2022-07-01,4145.634
2022-07-02,4073.695
2022-07-03,3989.143
2022-07-04,3908.989
2022-07-05,3829.646
2022-07-06,3756.174
2022-07-07,3689.674
2022-07-08,3618.085
2022-07-09,3559.19
2022-07-10,3513.539
2022-07-11,3464.534
2022-07-12,3431.038
2022-07-13,3386.272
2022-07-14,3363.133
2022-07-15,3315.932
2022-07-16,3286.976
2022-07-17,3252.668
2022-07-18,3219.076
2022-07-19,3185.555
2022-07-20,3151.861
2022-07-21,3118.65
2022-07-22,3066.979
2022-07-23,3010.417
2022-07-24,2952.909
2022-07-25,2901.076
2022-07-26,2843.262
2022-07-27,2788.466
2022-07-28,2740.577
2022-07-29,2689.892
2022-07-30,2648.06
2022-07-31,2604.868
2022-08-01,2557.693
2022-08-02,2509.962
2022-08-03,2463.672
2022-08-04,2442.584
2022-08-05,2391.567
2022-08-06,2337.368
2022-08-07,2280.811
2022-08-08,2219.693
2022-08-09,2158.931
2022-08-10,2011.243
2022-08-11,2090.725
2022-08-12,2112.341
2022-08-13,2105.443
2022-08-14,2096.01
2022-08-15,2067.924
2022-08-16,2028.788
2022-08-17,1998.99
2022-08-18,1971.649
2022-08-19,1954.183
2022-08-20,1940.351
2022-08-21,1909.638
2022-08-22,1882.842
2022-08-23,1849.339
2022-08-24,1807.594
2022-08-25,1770.288
2022-08-26,1731.108
2022-08-27,1686.246
2022-08-28,1652.319
2022-08-29,1621.942
2022-08-30,1600.742
2022-08-31,1572.633
2022-09-01,1530.974
2022-09-02,1484.471
2022-09-03,1426.918
2022-09-04,1394.494
2022-09-05,1390.162
2022-09-06,1386.787
2022-09-07,1388.949
2022-09-08,1395.229
2022-09-09,1385.214
2022-09-10,1374.671
2022-09-11,1371.154
2022-09-12,1369.89
2022-09-13,1340.611
2022-09-14,1355.89
2022-09-15,1357.77
2022-09-16,1369.282
2022-09-17,1363.229
2022-09-18,1362.809
2022-09-19,1364.343
2022-09-20,1363.772
2022-09-21,1364.953
2022-09-22,1364.847
2022-09-23,1355.71
2022-09-24,1350.347
2022-09-25,1350.353
2022-09-26,1352.079
2022-09-27,1349.624
2022-09-28,1362.022
2022-09-29,1357.984
2022-09-30,1350.983
2022-10-01,1345.94
2022-10-02,1341.988
2022-10-03,1354.246
2022-10-04,1346.833
2022-10-05,1343.999
2022-10-06,1346.626
2022-10-07,1348.868
2022-10-08,1345.644
2022-10-09,1342.923
2022-10-10,1345.464
2022-10-11,1341.218
2022-10-12,1335.193
2022-10-13,1335.224
2022-10-14,1332.888
2022-10-15,1332.083
2022-10-16,1327.48
2022-10-17,1329.893
2022-10-18,1328.393
2022-10-19,1326.237
2022-10-20,1328.03
2022-10-21,1330.397
2022-10-22,1328.435
2022-10-23,1289.611
2022-10-24,1287.277
2022-10-25,1301.041
2022-10-26,1312.497
2022-10-27,1297.629
2022-10-28,1298.285
2022-10-29,1300.097
2022-10-30,1305.377
2022-10-31,1303.381
2022-11-01,1301.84
2022-11-02,1294.964
2022-11-03,1288.517
2022-11-04,1277.238
2022-11-05,1277.584
2022-11-06,1298.858
2022-11-07,1311.925
2022-11-08,1319.179
2022-11-09,1292.61
2022-11-10,1290.778
2022-11-11,1300.565
2022-11-12,1353.47
2022-11-13,1432.743
2022-11-14,1495.552
2022-11-15,1553.674
2022-11-16,1598.361
2022-11-17,1655.268
2022-11-18,1721.436
2022-11-19,1793.57
2022-11-20,1851.057
2022-11-21,1904.298
2022-11-22,1968.68
2022-11-23,2026.363
2022-11-24,2083.426
2022-11-25,2138.235
2022-11-26,2192.46
2022-11-27,2248.779
2022-11-28,2304.489
2022-11-29,2372.295
2022-11-30,2414.309
2022-12-01,2461.145
2022-12-02,2536.524
2022-12-03,2578.838
2022-12-04,2643.351
2022-12-05,2688.698
2022-12-06,2758.937
2022-12-07,2806.117
2022-12-08,2856.954
2022-12-09,2890.229
2022-12-10,2944.807
2022-12-11,3002.596
2022-12-12,3077.777
2022-12-13,3134.548
2022-12-14,3188.423
2022-12-15,3217.404
2022-12-16,3268.201
2022-12-17,3297.86
2022-12-18,3317.393
2022-12-19,3338.613
2022-12-20,3360.192
2022-12-21,3417.153
2022-12-22,3461.891
2022-12-23,3517.113
2022-12-24,3567.74
2022-12-25,3614.901
2022-12-26,3664.202
2022-12-27,3706.842
2022-12-28,3823.924
2022-12-29,3914.314
2022-12-30,3963.317
2022-12-31,4003.559
2023-01-01,4150.157
2023-01-02,4330.499
2023-01-03,4415.699
2023-01-04,4458.344
2023-01-05,4509.176
2023-01-06,4627.839
2023-01-07,4705.378
2023-01-08,4775.611
2023-01-09,4829.954
2023-01-10,4904.869
2023-01-11,5028.274
2023-01-12,5091.421
2023-01-13,5144.041
2023-01-14,5197.534
2023-01-15,5245.654
2023-01-16,5351.008
2023-01-17,5448.591
2023-01-18,5523.641
2023-01-19,5538.529
2023-01-20,5615.575
2023-01-21,5665.223
2023-01-22,5631.491
2023-01-23,5707.618
2023-01-24,5741.454
2023-01-25,5749.001
2023-01-26,5825.265
2023-01-27,5833.809
2023-01-28,5912.697
2023-01-29,5948.815
2023-01-30,6030.428
2023-01-31,6040.651
2023-02-01,6021.159
2023-02-02,6074.723
2023-02-03,6094.494
2023-02-04,6145.204
2023-02-05,6192.375
2023-02-06,6368.882
2023-02-07,6448.91
2023-02-08,6446.642
2023-02-09,6553.27
2023-02-10,6514.01
2023-02-11,6447.756
2023-02-12,6609.833
2023-02-13,6586.959
2023-02-14,6604.715
2023-02-15,6822.368
2023-02-16,6994.325
2023-02-17,6892.421
2023-02-18,6857.922
2023-02-19,6977.002
2023-02-20,7027.399
2023-02-21,6912.736
2023-02-22,7003.064
2023-02-23,7245.98
2023-02-24,7274.793
2023-02-25,7238.43
2023-02-26,7281.817
2023-02-27,7383.193
2023-02-28,7397.724
2023-03-01,7393.971
2023-03-02,7608.263
2023-03-03,7605.571
2023-03-04,7608.782
2023-03-05,7612.887
2023-03-06,7778.587
2023-03-07,7785.913
2023-03-08,7779.096
2023-03-09,7845.237
2023-03-10,7791.964
2023-03-11,7889.721
2023-03-12,8042.837
2023-03-13,8130.884
2023-03-14,8139.478
2023-03-15,8158.101
2023-03-16,8384.036
2023-03-17,8440.921
2023-03-18,8511.07
2023-03-19,8479.352
2023-03-20,8472.416
2023-03-21,8627.23
2023-03-22,8782.531
2023-03-23,8980.201
2023-03-24,8966.618
2023-03-25,8998.516
2023-03-26,9033.571
2023-03-27,9162.61
2023-03-28,9066.17
2023-03-29,9034.664
2023-03-30,9199.523
2023-03-31,9397.97
2023-04-01,9290.357
2023-04-02,9163.213
2023-04-03,9069.63
2023-04-04,9276.978
2023-04-05,9386.907
2023-04-06,9330.498
2023-04-07,9242.133
2023-04-08,9303.573
2023-04-09,9374.276
2023-04-10,9316.605
2023-04-11,9269.996
2023-04-12,9330.243
2023-04-13,9515.214
2023-04-14,9766.675
2023-04-15,9920.436
2023-04-16,9889.795
2023-04-17,9876.407
2023-04-18,9990.866
2023-04-19,10348.102
2023-04-20,10435.705
2023-04-21,10395.848
2023-04-22,10363.156
2023-04-23,10347.163
2023-04-24,10356.449
2023-04-25,10451.458
2023-04-26,10383.621
2023-04-27,10294.02
2023-04-28,10365.158
2023-04-29,10448.65
2023-04-30,10636.616
2023-05-01,11014.173
2023-05-02,11575.268
2023-05-03,12047.569
2023-05-04,12430.603
2023-05-05,12790.066
2023-05-06,12866.398
2023-05-07,12881.299
2023-05-08,12769.692
2023-05-09,12627.027
2023-05-10,12587.268
2023-05-11,12707.666
2023-05-12,12774.59
2023-05-13,12885.575
2023-05-14,13156.145
2023-05-15,13478.736
2023-05-16,13849.498
2023-05-17,14349.8
2023-05-18,14987.435
2023-05-19,15739.404
2023-05-20,16519.336
2023-05-21,17270.806
2023-05-22,18077.023
2023-05-23,18962.291
2023-05-24,19855.372
2023-05-25,20579.765
2023-05-26,21374.185
2023-05-27,22164.916
2023-05-28,22669.335
2023-05-29,23111.002
2023-05-30,23587.503
2023-05-31,24089.906
2023-06-01,24506.31
2023-06-02,24786.89
2023-06-03,25028.93
2023-06-04,25378.227
2023-06-05,25749.994
2023-06-06,26262.462
2023-06-07,26784.84
2023-06-08,27273.918
2023-06-09,27500.792
2023-06-10,27573.38
2023-06-11,27438.74
2023-06-12,27473.508
2023-06-13,27443.881
2023-06-14,27252.379
2023-06-15,27095.385
2023-06-16,27181.928
2023-06-17,27041.202
2023-06-18,26643.977
2023-06-19,26431.351
2023-06-20,26515.408
2023-06-21,26550.589
2023-06-22,26451.35
2023-06-23,26325.706
2023-06-24,26324.164
2023-06-25,26171.72
2023-06-26,25877.996
2023-06-27,25656.018
2023-06-28,25538.744
2023-06-29,25419.591
2023-06-30,25406.322
2023-07-01,25307.32
2023-07-02,25105.082
2023-07-03,24847.966
2023-07-04,24581.527
2023-07-05,24460.734
2023-07-06,24249.404
2023-07-07,23925.25
2023-07-08,23736.445
2023-07-09,23610.503
2023-07-10,23458.263
2023-07-11,23226.56
2023-07-12,23007.007
2023-07-13,22811.753
2023-07-14,22750.808
2023-07-15,22663.497
2023-07-16,22471.53
2023-07-17,22228.022
2023-07-18,21989.265
2023-07-19,21848.842
2023-07-20,21657.287
2023-07-21,21415.151
2023-07-22,21162.402
2023-07-23,20920.941
2023-07-24,20739.749
2023-07-25,20534.212
2023-07-26,20301.09
2023-07-27,19975.609
2023-07-28,19747.716
2023-07-29,19564.193
2023-07-30,19355.431
2023-07-31,19143.275
2023-08-01,18963.263
2023-08-02,18739.219
2023-08-03,18589.408
2023-08-04,18401.068
2023-08-05,18214.418
2023-08-06,18039.718
2023-08-07,17808.192
2023-08-08,17569.79
2023-08-09,17380.678
2023-08-10,17192.776
2023-08-11,17048.788
2023-08-12,16950.4
2023-08-13,16796.318
2023-08-14,16653.93
2023-08-15,16554.992
2023-08-16,16454.806
2023-08-17,16328.269
2023-08-18,16257.055
2023-08-19,16182.38
2023-08-20,16100.776
2023-08-21,16126.086
2023-08-22,16145.735
2023-08-23,16163.848
2023-08-24,16294.948
2023-08-25,16367.182
2023-08-26,16365.184
2023-08-27,16368.362
2023-08-28,16300.712
2023-08-29,16169.572
2023-08-30,15987.78
2023-08-31,15780.271
2023-09-01,15747.111
2023-09-02,15753.746
2023-09-03,15618.563
2023-09-04,15554.093
2023-09-05,15670.046
2023-09-06,15720.462
2023-09-07,15710.092
2023-09-08,15702.18
2023-09-09,15620.095
2023-09-10,15493.251
2023-09-11,15365.138
2023-09-12,15250.467
2023-09-13,15197.826
2023-09-14,15160.981
2023-09-15,15141.732
2023-09-16,15131.457
2023-09-17,15064.195
2023-09-18,14955.863
2023-09-19,14909.823
2023-09-20,14792.457
2023-09-21,14685.387
2023-09-22,14762.069
2023-09-23,14793.033
2023-09-24,14786.582
2023-09-25,14733.145
2023-09-26,14621.699
2023-09-27,14439.214
2023-09-28,14286.981
2023-09-29,14154.985
2023-09-30,13970.809
2023-10-01,14004.558
2023-10-02,14120.799
2023-10-03,14223.868
2023-10-04,14307.919
2023-10-05,14372.434
2023-10-06,14344.768
2023-10-07,14245.573
2023-10-08,14151.192
2023-10-09,13997.248
2023-10-10,13824.47
2023-10-11,13687.287
2023-10-12,13905.682
2023-10-13,14068.171
2023-10-14,14195.988
2023-10-15,14310.048
2023-10-16,14281.31
2023-10-17,14207.966
2023-10-18,14282.031
2023-10-19,14312.712
2023-10-20,14239.674
2023-10-21,14127.94
2023-10-22,14047.576
2023-10-23,14030.002
2023-10-24,14187.142
2023-10-25,14245.5
2023-10-26,14326.183
2023-10-27,14434.388
2023-10-28,14473.484
2023-10-29,14744.078
2023-10-30,14845.185
2023-10-31,14861.832
2023-11-01,14845.62
2023-11-02,14919.254
2023-11-03,15006.563
2023-11-04,15064.115
2023-11-05,15011.709
2023-11-06,14954.668
2023-11-07,14986.395
2023-11-08,15293.702
2023-11-09,15404.053
2023-11-10,15394.946
2023-11-11,15505.072
2023-11-12,15542.224
2023-11-13,15540.863
2023-11-14,15600.596
2023-11-15,15616.624
2023-11-16,15638.021
2023-11-17,15744.378
2023-11-18,15718.119
2023-11-19,15741.101
2023-11-20,16093.387
2023-11-21,16075.975
2023-11-22,15944.542
2023-11-23,15694.192
2023-11-24,15775.481
2023-11-25,16096.87
2023-11-26,16312.849
2023-11-27,16409.988
2023-11-28,16418.558
2023-11-29,16256.004
2023-11-30,16205.818
2023-12-01,16364.324
2023-12-02,16635.67
2023-12-03,16788.412
2023-12-04,16945.371
2023-12-05,16957.773
2023-12-06,16865.09
2023-12-07,16737.645
2023-12-08,16878.866
2023-12-09,17199.574
2023-12-10,17172.711
2023-12-11,17048.83
2023-12-12,17035.156
2023-12-13,17223.324
2023-12-14,17403.241
2023-12-15,17540.735
2023-12-16,17516.462
2023-12-17,17565.059
2023-12-18,17496.663
2023-12-19,17435.591
2023-12-20,17531.86
2023-12-21,17747.53
2023-12-22,17712.403
2023-12-23,17671.952
2023-12-24,17952.462
2023-12-25,18052.132
2023-12-26,18094.301
2023-12-27,18165.057
2023-12-28,18235.248
2023-12-29,18284.454
2023-12-30,18170.47
2023-12-31,18229.505
2024-01-01,18357.565
2024-01-02,18447.159
2024-01-03,18282.174
2024-01-04,18344.115
2024-01-05,18504.093
2024-01-06,18474.723
2024-01-07,18232.004
2024-01-08,18629.905
2024-01-09,18693.148
2024-01-10,18427.745
2024-01-11,18512.199
2024-01-12,18700.302
2024-01-13,18730.446
2024-01-14,18735.288
2024-01-15,18951.45
2024-01-16,19061.654
2024-01-17,18922.488
2024-01-18,19163.925
2024-01-19,19241.641
2024-01-20,19099.88
2024-01-21,19075.726
2024-01-22,19150.708
2024-01-23,19236.567
2024-01-24,19454.02
2024-01-25,19510.876
2024-01-26,19877.709
2024-01-27,20060.522
2024-01-28,20071.547
2024-01-29,20058.051
2024-01-30,19993.798
2024-01-31,19899.549
2024-02-01,19669.3
2024-02-02,19597.564
2024-02-03,19879.784
2024-02-04,20153.82
2024-02-05,20153.901
2024-02-06,20018.005
2024-02-07,20037.852
2024-02-08,20312.262
2024-02-09,20535.779
2024-02-10,20702.275
2024-02-11,20955.695
2024-02-12,20990.426
2024-02-13,20928.941
2024-02-14,21012.298
2024-02-15,21147.007
2024-02-16,21248.414
2024-02-17,21304.615
2024-02-18,21175.737
2024-02-19,21264.142
2024-02-20,21350.289
2024-02-21,21337.373
2024-02-22,21582.952
2024-02-23,21647.412
2024-02-24,21578.997
2024-02-25,21530.599
2024-02-26,21332.565
2024-02-27,21336.594
2024-02-28,21609.772
2024-02-29,21548.788
2024-03-01,21459.053
2024-03-02,21242.916
2024-03-03,21379.26
2024-03-04,21631.712
2024-03-05,21779.207
2024-03-06,21672.291
2024-03-07,21667.134
2024-03-08,22061.191
2024-03-09,22127.031
2024-03-10,22070.226
2024-03-11,21968.466
2024-03-12,22025.474
2024-03-13,22153.549
2024-03-14,22240.302
2024-03-15,22266.604
2024-03-16,22427.061
2024-03-17,22638.152
2024-03-18,22798.34
2024-03-19,22756.645
2024-03-20,22699.585
2024-03-21,22788.629
2024-03-22,22836.848
2024-03-23,22481.763
2024-03-24,22316.003
2024-03-25,22567.422
2024-03-26,22788.076
2024-03-27,23108.683
2024-03-28,22957.341
2024-03-29,22856.009
2024-03-30,22818.228
2024-03-31,22867.609
2024-04-01,23172.143
2024-04-02,23555.637
2024-04-03,23441.102
2024-04-04,22984.618
2024-04-05,22712.551
2024-04-06,23035.833
2024-04-07,23131.465
2024-04-08,23036.398
2024-04-09,23150.903
2024-04-10,23116.925
2024-04-11,22978.774
2024-04-12,22821.366
2024-04-13,22816.465
2024-04-14,22705.691
2024-04-15,22730.923
2024-04-16,22960.777
2024-04-17,22925.5
2024-04-18,22996.503
2024-04-19,22926.2
2024-04-20,22995.671
2024-04-21,23045.356
2024-04-22,22908.913
2024-04-23,22881.276
2024-04-24,22918.878
2024-04-25,22962.208
2024-04-26,23020.535
2024-04-27,23374.129
2024-04-28,23741.783
2024-04-29,23774.092
2024-04-30,23792.33
2024-05-01,23723.521
2024-05-02,23774.939
2024-05-03,23731.875
2024-05-04,23654.869
2024-05-05,23606.796
2024-05-06,24022.184
2024-05-07,24031.924
2024-05-08,24146.045
2024-05-09,24202.947
2024-05-10,24220.666
2024-05-11,24096.649
2024-05-12,24041.99
2024-05-13,23975.113
2024-05-14,23890.29
2024-05-15,23804.155
2024-05-16,23793.713
2024-05-17,23744.452
2024-05-18,23889.884
2024-05-19,23965.031
2024-05-20,24017.598
2024-05-21,24431.015
2024-05-22,24527.278
2024-05-23,24609.858
2024-05-24,24705.74
2024-05-25,24770.91
2024-05-26,25208.808
2024-05-27,25431.298
2024-05-28,25456.396
2024-05-29,25369.939
2024-05-30,25490.188
2024-05-31,25528.307
2024-06-01,25474.127
2024-06-02,25450.554
2024-06-03,25562.2
2024-06-04,25757.502
2024-06-05,26004.22
2024-06-06,26060.458
2024-06-07,26008.514
2024-06-08,25994.09
2024-06-09,26014.18
2024-06-10,25990.019
2024-06-11,25982.341
2024-06-12,25879.794
2024-06-13,25722.914
2024-06-14,25467.969
2024-06-15,25122.049
2024-06-16,24775.362
2024-06-17,24576.466
2024-06-18,24544.858
2024-06-19,24315.875
2024-06-20,24066.86
2024-06-21,23823.264
2024-06-22,23715.061
2024-06-23,23462.304
2024-06-24,23160.514
2024-06-25,22913.501
2024-06-26,22741.042
2024-06-27,22336.414
2024-06-28,22050.785
2024-06-29,21942.768
2024-06-30,21710.457
2024-07-01,21389.353
2024-07-02,21211.788
2024-07-03,21029.868
2024-07-04,20960.026
2024-07-05,20771.087
2024-07-06,20563.669
2024-07-07,20355.603
2024-07-08,20232.005
2024-07-09,20098.142
2024-07-10,19959.591
2024-07-11,19768.198
2024-07-12,19634.781
2024-07-13,19551.124
2024-07-14,19402.118
2024-07-15,19171.134
2024-07-16,18977.372
2024-07-17,18866.568
2024-07-18,18734.187
2024-07-19,18543.533
2024-07-20,18292.068
2024-07-21,18050.178
2024-07-22,17834.335
2024-07-23,17701.198
2024-07-24,17591.078
2024-07-25,17405.352
2024-07-26,17066.618
2024-07-27,16715.639
2024-07-28,16586.343
2024-07-29,16480.438
2024-07-30,16306.485
2024-07-31,16164.826
2024-08-01,16022.801
2024-08-02,15843.102
2024-08-03,15618.799
2024-08-04,15422.622
2024-08-05,15252.426
2024-08-06,15131.596
2024-08-07,14959.308
2024-08-08,14773.866
2024-08-09,14600.739
2024-08-10,14480.838
2024-08-11,14403.702
2024-08-12,14296.733
2024-08-13,14185.667
2024-08-14,14181.977
2024-08-15,14094.358
2024-08-16,13987.638
2024-08-17,13858.921
2024-08-18,13781.535
2024-08-19,13670.885
2024-08-20,13499.09
2024-08-21,13294.283
2024-08-22,13127.023
2024-08-23,12891.482
2024-08-24,12736.742
2024-08-25,12667.676
2024-08-26,12651.82
2024-08-27,12450.569
2024-08-28,12240.237
2024-08-29,12101.834
2024-08-30,11972.43
2024-08-31,11772.656
2024-09-01,11546.288
2024-09-02,11318.987
2024-09-03,11098.807
2024-09-04,10980.799
2024-09-05,10865.3
2024-09-06,10636.415
2024-09-07,10400.037
2024-09-08,10192.297
2024-09-09,10055.185
2024-09-10,9845.247
2024-09-11,9601.152
2024-09-12,9471.003
2024-09-13,9489.073
2024-09-14,9403.694
2024-09-15,9238.635
2024-09-16,9038.545
2024-09-17,8991.993
2024-09-18,9002.69
2024-09-19,8971.571
2024-09-20,8882.34
2024-09-21,8861.963
2024-09-22,8900.988
2024-09-23,8893.417
2024-09-24,8872.126
2024-09-25,8826.47
2024-09-26,8810.092
2024-09-27,8807.974
2024-09-28,8753.194
2024-09-29,8740.626
2024-09-30,8771.233
2024-10-01,8804.965
2024-10-02,8679.444
2024-10-03,8612.848
2024-10-04,8620.025
2024-10-05,8629.066
2024-10-06,8590.564
2024-10-07,8518.752
2024-10-08,8456.709
2024-10-09,8456.895
2024-10-10,8476.524
2024-10-11,8478.235
2024-10-12,8463.792
2024-10-13,8433.081
2024-10-14,8441.347
2024-10-15,8445.13
2024-10-16,8347.827
2024-10-17,8196.143
2024-10-18,8328.888
2024-10-19,8531.891
2024-10-20,8538.131
2024-10-21,8546.273
2024-10-22,8556.123
2024-10-23,8524.91
2024-10-24,8481.909
2024-10-25,8531.751
2024-10-26,8550.073
2024-10-27,8462.962
2024-10-28,8251.507
2024-10-29,8254.241
2024-10-30,8487.819
2024-10-31,8529.829
2024-11-01,8568.756
2024-11-02,8525.634
2024-11-03,8587.648
2024-11-04,8832.171
2024-11-05,8815.001
2024-11-06,8949.545
2024-11-07,8974.24
2024-11-08,8986.21
2024-11-09,8982.477
2024-11-10,9073.379
2024-11-11,9068.465
2024-11-12,8955.089
2024-11-13,
2024-11-14,9258.432
2024-11-15,9126.442
2024-11-16,9296.545
2024-11-17,9460.555
2024-11-18,9440.511
2024-11-19,9656.616
2024-11-20,9745.002
2024-11-21,9762.135
2024-11-22,9762.471
2024-11-23,9650.516
2024-11-24,9736.699
2024-11-25,9976.605
2024-11-26,9982.31
2024-11-27,10324.431
2024-11-28,10532.807
2024-11-29,10621.374
2024-11-30,10703.615
2024-12-01,10773.706
2024-12-02,10818.872
2024-12-03,10858.073
2024-12-04,10923.846
2024-12-05,10987.524
2024-12-06,11048.514
2024-12-07,11088.34
2024-12-08,11019.961
2024-12-09,11158.028
2024-12-10,11339.487
2024-12-11,11278.872
2024-12-12,11095.88
2024-12-13,11211.167
2024-12-14,11327.562
2024-12-15,11438.981
2024-12-16,11527.16
2024-12-17,11625.549
2024-12-18,11787.304
2024-12-19,11796.546
2024-12-20,11833.144
2024-12-21,11833.628
2024-12-22,11815.556
2024-12-23,11901.045
2024-12-24,11867.57
2024-12-25,11837.359
2024-12-26,11961.689
2024-12-27,11921.106
2024-12-28,12136.492
2024-12-29,12132.075
2024-12-30,12233.778
2024-12-31,12304.788
2025-01-01,12372.732
2025-01-02,12489.808
2025-01-03,12447.047
2025-01-04,12388.257
2025-01-05,12615.619
2025-01-06,12617.742
2025-01-07,12688.956
2025-01-08,12825.689
2025-01-09,12820.801
2025-01-10,12911.826
2025-01-11,12778.002
2025-01-12,12825.075
2025-01-13,12961.377
2025-01-14,13083.13
2025-01-15,13146.17
2025-01-16,13008.184
2025-01-17,12837.412
2025-01-18,13044.51
2025-01-19,13012.625
2025-01-20,13143.243
2025-01-21,13285.312
2025-01-22,13271.943
2025-01-23,13368.175
2025-01-24,13089.398
2025-01-25,12922.925
2025-01-26,13125.078
2025-01-27,13193.105
2025-01-28,13157.113
2025-01-29,13175.636
2025-01-30,13321.168
2025-01-31,13437.369
2025-02-01,13380.871
2025-02-02,13410.172
2025-02-03,13442.265
2025-02-04,13387.116
2025-02-05,13459.668
2025-02-06,13521.216
2025-02-07,13514.884
2025-02-08,13706.944
2025-02-09,13824.456
2025-02-10,13747.307
2025-02-11,13602.003
2025-02-12,13750.733
2025-02-13,13869.982
2025-02-14,13864.848
2025-02-15,14144.832
2025-02-16,14191.624
2025-02-17,14056.335
2025-02-18,14192.716
2025-02-19,14288.498
2025-02-20,14272.887
2025-02-21,14450.119
2025-02-22,14551.759
2025-02-23,14582.647
2025-02-24,14551.74
2025-02-25,14454.248
2025-02-26,14585.408
2025-02-27,14696.65
2025-02-28,14601.27
2025-03-01,14495.107
2025-03-02,14384.1
2025-03-03,14454.114
2025-03-04,14813.922
2025-03-05,14766.328
2025-03-06,14579.685
2025-03-07,14957.288
2025-03-08,15299.167
2025-03-09,15356.898
2025-03-10,15205.777
2025-03-11,15087.064
2025-03-12,15112.699
2025-03-13,14911.56
2025-03-14,15031.785
2025-03-15,15220.065
2025-03-16,15484.832
2025-03-17,15350.02
2025-03-18,15426.6
2025-03-19,15811.865
2025-03-20,15650.207
2025-03-21,15626.867
2025-03-22,15579.478
2025-03-23,15758.024
2025-03-24,15802.477
2025-03-25,15801.415
2025-03-26,15742.182
2025-03-27,15638.181
2025-03-28,15556.055
2025-03-29,15633.935
2025-03-30,15757.708
2025-03-31,15727.208
2025-04-01,15747.733
2025-04-02,15737.36
2025-04-03,15875.457
2025-04-04,16060.161
2025-04-05,16183.32
2025-04-06,16147.316
2025-04-07,16006.815
2025-04-08,15944.95
2025-04-09,16024.931
2025-04-10,16055.54
2025-04-11,15893.191
2025-04-12,15652.943
2025-04-13,15622.852
2025-04-14,15661.957
2025-04-15,15577.122
2025-04-16,15435.58
2025-04-17,15401.22
2025-04-18,15525.501
2025-04-19,15667.695
2025-04-20,15641.426
2025-04-21,15582.42
2025-04-22,15516.82
2025-04-23,15402.375
2025-04-24,15342.467
2025-04-25,15242.437
2025-04-26,15083.889
2025-04-27,15110.555
2025-04-28,15184.448
2025-04-29,15156.809
2025-04-30,15021.41
2025-05-01,14947.341
2025-05-02,14805.125
2025-05-03,14602.887
2025-05-04,14416.478
2025-05-05,14475.457
2025-05-06,14584.864
2025-05-07,14668.38
2025-05-08,14709.105
2025-05-09,14743.306
2025-05-10,14620.571
2025-05-11,14380.463
2025-05-12,14125.308
2025-05-13,14083.109
2025-05-14,14065.293
2025-05-15,13966.426
2025-05-16,13840.244
2025-05-17,13669.353
2025-05-18,13475.875
2025-05-19,13554.557
2025-05-20,13509.812
2025-05-21,13457.493
2025-05-22,13250.515
2025-05-23,13049.764
2025-05-24,12852.587
2025-05-25,12737.536
2025-05-26,12542.723
2025-05-27,12422.149
2025-05-28,12225.31
2025-05-29,12031.015
2025-05-30,11970.0
2025-05-31,11818.868
2025-06-01,11676.086
2025-06-02,11586.832
2025-06-03,11478.239
2025-06-04,11377.308
2025-06-05,11370.966
2025-06-06,11374.704
2025-06-07,11350.424
2025-06-08,11304.682
2025-06-09,11192.97
2025-06-10,11140.91
2025-06-11,11013.448
2025-06-12,10862.939
2025-06-13,10750.983
2025-06-14,10667.767
2025-06-15,10516.908
2025-06-16,10282.412
2025-06-17,10030.31
2025-06-18,9882.237
2025-06-19,9650.552
2025-06-20,9360.772
2025-06-21,9116.42
2025-06-22,9125.815
2025-06-23,9006.026
2025-06-24,8801.982
2025-06-25,8630.725
2025-06-26,8395.839
2025-06-27,8210.194
2025-06-28,8008.638
2025-06-29,7779.017
2025-06-30,7545.157
2025-07-01,7383.494
2025-07-02,7320.678
2025-07-03,7252.071
2025-07-04,7195.245
2025-07-05,7148.321
2025-07-06,7053.323
2025-07-07,6998.993
2025-07-08,6950.362
2025-07-09,6878.044
2025-07-10,6827.574
2025-07-11,6775.475
2025-07-12,6740.649
2025-07-13,6689.549
2025-07-14,6651.896
2025-07-15,6603.077
