field_id,type,num_cuts,peak_ndvi,median_ndvi,peak_date,early_med,late_med,cut_dates
0,alfalfa,4,0.8815124573375762,0.6959730121835945,2024-05-22,0.7678276505721995,0.6386643436841574,"[[Timestamp('2024-06-06 00:00:00'), Timestamp('2024-07-11 00:00:00'), Timestamp('2024-08-15 00:00:00'), Timestamp('2024-09-24 00:00:00')]]"
1,alfalfa,4,0.8700399588706618,0.6821310823564622,2024-05-22,0.7440302647639409,0.6352540297170334,"[[Timestamp('2024-06-06 00:00:00'), Timestamp('2024-07-11 00:00:00'), Timestamp('2024-08-15 00:00:00'), Timestamp('2024-09-24 00:00:00')]]"
2,corn,0,0.8314990990630914,0.32874651289599977,2024-08-20,0.23395763912918732,0.7897705289146634,[[]]
3,alfalfa,3,0.8954988645191763,0.6804662590756085,2024-05-27,0.7782560071766083,0.7933253586307027,"[[Timestamp('2024-06-16 00:00:00'), Timestamp('2024-07-16 00:00:00'), Timestamp('2024-08-30 00:00:00')]]"
4,corn,0,0.8364771018835881,0.20923463244299867,2024-08-20,0.19824729773382244,0.7959689772212184,[[]]
5,alfalfa,3,0.894203642926056,0.640417816668403,2024-05-27,0.77555950954233,0.7207918575240336,"[[Timestamp('2024-06-11 00:00:00'), Timestamp('2024-07-16 00:00:00'), Timestamp('2024-08-20 00:00:00')]]"
6,alfalfa,4,0.9030498829288138,0.7267788174951255,2024-05-22,0.8124249933818353,0.6557022431791427,"[[Timestamp('2024-06-06 00:00:00'), Timestamp('2024-07-11 00:00:00'), Timestamp('2024-08-10 00:00:00'), Timestamp('2024-09-24 00:00:00')]]"
7,alfalfa,3,0.8888582567322163,0.6071323295702241,2024-05-27,0.7651977023282399,0.7062323476026654,"[[Timestamp('2024-06-11 00:00:00'), Timestamp('2024-07-16 00:00:00'), Timestamp('2024-08-20 00:00:00')]]"
8,alfalfa,4,0.8825298733301471,0.6717917349305608,2024-05-27,0.7839590395542732,0.743909524338992,"[[Timestamp('2024-06-16 00:00:00'), Timestamp('2024-07-21 00:00:00'), Timestamp('2024-08-30 00:00:00'), Timestamp('2024-10-04 00:00:00')]]"
9,alfalfa,3,0.8224184049590502,0.5633985195249334,2024-08-15,0.654797499752789,0.6084207444192143,"[[Timestamp('2024-06-16 00:00:00'), Timestamp('2024-07-16 00:00:00'), Timestamp('2024-09-04 00:00:00')]]"
10,alfalfa,3,0.8926566593921864,0.7630926838576255,2024-05-27,0.7691640510491791,0.7764063195831604,"[[Timestamp('2024-06-11 00:00:00'), Timestamp('2024-08-20 00:00:00'), Timestamp('2024-09-29 00:00:00')]]"
11,corn,0,0.841658199514462,0.2184302472214707,2024-08-20,0.2180961486081639,0.8008935289293927,[[]]
12,corn,0,0.8110892345697694,0.26362116699656624,2024-08-20,0.2605839386273687,0.7698850798485002,[[]]
13,corn,0,0.7818446198815033,0.2790793161798324,2024-08-15,0.20993055116186876,0.7035567909917964,[[]]
14,alfalfa,4,0.8705227328849565,0.667995228378554,2024-05-22,0.7354471839047438,0.6287697095256584,"[[Timestamp('2024-06-06 00:00:00'), Timestamp('2024-07-11 00:00:00'), Timestamp('2024-08-10 00:00:00'), Timestamp('2024-09-24 00:00:00')]]"
15,alfalfa,3,0.8941516114932857,0.7653852196188777,2024-05-27,0.7755229242684656,0.7756770908206208,"[[Timestamp('2024-06-11 00:00:00'), Timestamp('2024-08-20 00:00:00'), Timestamp('2024-09-29 00:00:00')]]"
16,alfalfa,4,0.8815102420979213,0.7192196803267208,2024-05-22,0.7831290080983938,0.6723673960847124,"[[Timestamp('2024-06-06 00:00:00'), Timestamp('2024-07-11 00:00:00'), Timestamp('2024-08-10 00:00:00'), Timestamp('2024-09-19 00:00:00')]]"
17,alfalfa,4,0.8695731249821571,0.6876868343494846,2024-05-22,0.738427734375,0.7036423874293423,"[[Timestamp('2024-06-06 00:00:00'), Timestamp('2024-07-11 00:00:00'), Timestamp('2024-08-20 00:00:00'), Timestamp('2024-09-29 00:00:00')]]"
18,alfalfa,2,0.8528073685764376,0.648348564524287,2024-09-24,0.6353186306575667,0.7276041404370592,"[[Timestamp('2024-07-01 00:00:00'), Timestamp('2024-08-30 00:00:00')]]"
19,corn,0,0.8625548645435116,0.22184792016221727,2024-05-17,0.8212037168290445,0.22173885833160967,[[]]
20,alfalfa,4,0.8878025714300178,0.7218849045764654,2024-05-22,0.7699195099247733,0.659043596800077,"[[Timestamp('2024-06-06 00:00:00'), Timestamp('2024-07-11 00:00:00'), Timestamp('2024-08-15 00:00:00'), Timestamp('2024-09-24 00:00:00')]]"
21,alfalfa,4,0.8957104863852571,0.7434485410168274,2024-05-22,0.8097594755788755,0.6630216314848097,"[[Timestamp('2024-06-06 00:00:00'), Timestamp('2024-07-11 00:00:00'), Timestamp('2024-08-10 00:00:00'), Timestamp('2024-09-24 00:00:00')]]"
22,alfalfa,2,0.8797016589763352,0.5072783024374704,2024-05-22,0.7151028755416216,0.5231823671812071,"[[Timestamp('2024-06-11 00:00:00'), Timestamp('2024-07-11 00:00:00')]]"
23,alfalfa,4,0.8709000684444557,0.6824361203013707,2024-05-22,0.6974581029472459,0.6754894633258562,"[[Timestamp('2024-06-06 00:00:00'), Timestamp('2024-07-11 00:00:00'), Timestamp('2024-08-10 00:00:00'), Timestamp('2024-09-19 00:00:00')]]"
24,corn,0,0.8101034835342408,0.39751902627875924,2024-07-26,0.38331552187465207,0.6781485492740096,[[]]
33,corn,0,0.5556808460215533,0.4694739154726826,2024-09-04,0.4758838985069574,0.5107267949624735,[[]]
34,corn,0,0.8354513245421371,0.28243073496681137,2024-08-20,0.19279788256288816,0.7887612432543155,[[]]
35,alfalfa,4,0.8886917003663536,0.6778625183341689,2024-05-27,0.7974998684035475,0.7069556593483921,"[[Timestamp('2024-06-16 00:00:00'), Timestamp('2024-07-21 00:00:00'), Timestamp('2024-08-30 00:00:00'), Timestamp('2024-10-04 00:00:00')]]"
36,corn,0,0.5356715594151223,0.4273450343799837,2024-07-31,0.4037019842970895,0.5200182941840908,[[]]
38,fallow,0,0.26849070766515903,0.22368093122515764,2024-09-04,0.22036125599524664,0.2466380916840849,[[]]
39,alfalfa,4,0.892085662702533,0.7450137044888392,2024-05-22,0.8120406522661043,0.7032207134399195,"[[Timestamp('2024-06-11 00:00:00'), Timestamp('2024-07-11 00:00:00'), Timestamp('2024-08-15 00:00:00'), Timestamp('2024-09-24 00:00:00')]]"
40,alfalfa,4,0.8855650503623448,0.7141585680148492,2024-05-22,0.7916181174055295,0.6517166461010426,"[[Timestamp('2024-06-11 00:00:00'), Timestamp('2024-07-11 00:00:00'), Timestamp('2024-08-15 00:00:00'), Timestamp('2024-09-24 00:00:00')]]"
41,fallow,0,0.40064032937393707,0.3601337017656183,2024-09-09,0.34884762926166557,0.37453908595909063,[[]]
42,alfalfa,4,0.881891508957808,0.7050920259668224,2024-05-22,0.7646377639773885,0.6938719849675317,"[[Timestamp('2024-06-06 00:00:00'), Timestamp('2024-07-11 00:00:00'), Timestamp('2024-08-20 00:00:00'), Timestamp('2024-09-24 00:00:00')]]"
43,corn,0,0.502272347984074,0.43448538750222643,2024-09-09,0.38070701803051443,0.46647698624329,[[]]
44,alfalfa,2,0.8465270641542911,0.6314580387170009,2024-06-01,0.576495040382539,0.6331246712234649,"[[Timestamp('2024-07-01 00:00:00'), Timestamp('2024-09-24 00:00:00')]]"
45,fallow,0,0.2615592185713131,0.23121945784029352,2024-09-09,0.22188108045142507,0.2506207516957771,[[]]
46,alfalfa,4,0.8719397442471566,0.6732998313605159,2024-05-22,0.7626617448476032,0.6241653649959799,"[[Timestamp('2024-06-11 00:00:00'), Timestamp('2024-07-11 00:00:00'), Timestamp('2024-08-15 00:00:00'), Timestamp('2024-09-24 00:00:00')]]"
51,alfalfa,2,0.8682206135822298,0.644876184926563,2024-06-06,0.518911855599351,0.6424311348662646,"[[Timestamp('2024-07-01 00:00:00'), Timestamp('2024-09-24 00:00:00')]]"
52,alfalfa,4,0.8619040758449542,0.7137335972514101,2024-05-22,0.7658849401015647,0.6960707758853193,"[[Timestamp('2024-06-06 00:00:00'), Timestamp('2024-07-11 00:00:00'), Timestamp('2024-08-20 00:00:00'), Timestamp('2024-09-29 00:00:00')]]"
53,alfalfa,4,0.8774860870541442,0.7239400873490649,2024-05-22,0.7281322839149773,0.7070139980362388,"[[Timestamp('2024-06-06 00:00:00'), Timestamp('2024-07-11 00:00:00'), Timestamp('2024-08-10 00:00:00'), Timestamp('2024-09-19 00:00:00')]]"
54,alfalfa,4,0.8897470289528258,0.6888918633534318,2024-05-22,0.7829166313221467,0.6875179192325471,"[[Timestamp('2024-06-06 00:00:00'), Timestamp('2024-07-11 00:00:00'), Timestamp('2024-08-10 00:00:00'), Timestamp('2024-09-29 00:00:00')]]"
55,corn,0,0.8560451385839335,0.2298701487503842,2024-08-20,0.16812419577542226,0.8044462955237427,[[]]
56,alfalfa,4,0.8832281386707314,0.6836829567916982,2024-05-22,0.771120007178031,0.6548899293086844,"[[Timestamp('2024-06-06 00:00:00'), Timestamp('2024-07-11 00:00:00'), Timestamp('2024-08-15 00:00:00'), Timestamp('2024-09-29 00:00:00')]]"
57,corn,0,0.8418155693711423,0.4708384068264776,2024-07-31,0.4708384068264776,0.7440397569289142,[[]]
58,alfalfa,3,0.8921719671163449,0.5839030564767189,2024-06-26,0.7116921490555255,0.6906306104023793,"[[Timestamp('2024-06-01 00:00:00'), Timestamp('2024-07-11 00:00:00'), Timestamp('2024-08-10 00:00:00')]]"
59,corn,0,0.8349134169496971,0.2943864487617065,2024-08-20,0.2660707274017784,0.7851417113897723,[[]]
60,corn,0,0.7878192834303842,0.29307698771449914,2024-08-20,0.192214587443092,0.7118452633342461,[[]]
61,alfalfa,3,0.8741021543560605,0.6655106408890588,2024-05-17,0.7546743767300408,0.7020928144121504,"[[Timestamp('2024-06-01 00:00:00'), Timestamp('2024-07-01 00:00:00'), Timestamp('2024-08-05 00:00:00')]]"
62,alfalfa,4,0.8788751071617878,0.6522838042620644,2024-05-22,0.7479673857577589,0.6479530006821845,"[[Timestamp('2024-06-06 00:00:00'), Timestamp('2024-07-11 00:00:00'), Timestamp('2024-08-10 00:00:00'), Timestamp('2024-09-19 00:00:00')]]"
63,alfalfa,3,0.8594711449279203,0.6520328903710426,2024-06-26,0.6895991918636492,0.7122295216548299,"[[Timestamp('2024-06-01 00:00:00'), Timestamp('2024-07-11 00:00:00'), Timestamp('2024-08-20 00:00:00')]]"
64,corn,1,0.7243607743132335,0.5533671666808415,2024-05-27,0.5757732434831604,0.4655779907828712,[[Timestamp('2024-06-26 00:00:00')]]
65,corn,0,0.8288772603623817,0.2345663423605087,2024-08-15,0.19647260385000476,0.7765008577514797,[[]]
66,alfalfa,3,0.8787466921735184,0.6422002984542245,2024-08-15,0.7579592357987468,0.7217228553822742,"[[Timestamp('2024-06-16 00:00:00'), Timestamp('2024-07-21 00:00:00'), Timestamp('2024-08-30 00:00:00')]]"
67,corn,1,0.8053991866438356,0.5262519073169625,2024-09-04,0.2278317766201451,0.6955976854374223,[[Timestamp('2024-09-19 00:00:00')]]
68,corn,0,0.8444997140031573,0.20578100940589,2024-08-15,0.16496101355355378,0.7787758875102576,[[]]
69,alfalfa,4,0.8826097426642062,0.7531345001934882,2024-06-26,0.814938234964028,0.7648812224160748,"[[Timestamp('2024-06-06 00:00:00'), Timestamp('2024-07-11 00:00:00'), Timestamp('2024-08-20 00:00:00'), Timestamp('2024-09-29 00:00:00')]]"
70,alfalfa,2,0.7929199634362929,0.5450629542755872,2024-06-01,0.6610728097156066,0.6476522579845425,"[[Timestamp('2024-06-21 00:00:00'), Timestamp('2024-07-31 00:00:00')]]"
74,alfalfa,3,0.8938826951059947,0.7466778923251733,2024-05-22,0.8040930352763257,0.7850202166595525,"[[Timestamp('2024-06-06 00:00:00'), Timestamp('2024-08-30 00:00:00'), Timestamp('2024-09-29 00:00:00')]]"
75,alfalfa,4,0.9042062171024844,0.7462241738417568,2024-05-22,0.8058582520876889,0.7490453801758318,"[[Timestamp('2024-06-06 00:00:00'), Timestamp('2024-07-11 00:00:00'), Timestamp('2024-08-20 00:00:00'), Timestamp('2024-09-29 00:00:00')]]"
76,alfalfa,4,0.9015695417236106,0.7147619798045124,2024-05-22,0.7969078282520144,0.7367795625746926,"[[Timestamp('2024-06-11 00:00:00'), Timestamp('2024-07-16 00:00:00'), Timestamp('2024-08-20 00:00:00'), Timestamp('2024-10-04 00:00:00')]]"
77,corn,1,0.889637990122904,0.4788114246073952,2024-08-15,0.20424019676444244,0.7804756376329266,[[Timestamp('2024-08-30 00:00:00')]]
78,alfalfa,4,0.8994665980719634,0.7096873531001113,2024-05-27,0.7828459552291746,0.756208778160398,"[[Timestamp('2024-06-11 00:00:00'), Timestamp('2024-07-16 00:00:00'), Timestamp('2024-08-30 00:00:00'), Timestamp('2024-10-04 00:00:00')]]"
79,alfalfa,4,0.8877303590748363,0.6419679194648951,2024-05-27,0.7732274496135623,0.7114647333418361,"[[Timestamp('2024-06-11 00:00:00'), Timestamp('2024-07-16 00:00:00'), Timestamp('2024-08-20 00:00:00'), Timestamp('2024-10-04 00:00:00')]]"
80,alfalfa,4,0.8785597082830806,0.6693790308722074,2024-05-27,0.7717945732468987,0.7146008264325608,"[[Timestamp('2024-06-11 00:00:00'), Timestamp('2024-07-16 00:00:00'), Timestamp('2024-08-20 00:00:00'), Timestamp('2024-10-04 00:00:00')]]"
81,alfalfa,4,0.7552466299019608,0.6233664460796433,2024-05-22,0.6700666801128827,0.6417409859451593,"[[Timestamp('2024-06-11 00:00:00'), Timestamp('2024-07-16 00:00:00'), Timestamp('2024-08-20 00:00:00'), Timestamp('2024-10-04 00:00:00')]]"
82,alfalfa,3,0.8583829955491112,0.5952854709501962,2024-05-27,0.6818431963440674,0.7116444482917821,"[[Timestamp('2024-06-11 00:00:00'), Timestamp('2024-07-16 00:00:00'), Timestamp('2024-08-20 00:00:00')]]"
83,corn,1,0.7607758449444307,0.5931105806445826,2024-08-15,0.6020969501004757,0.733166864350086,[[Timestamp('2024-06-16 00:00:00')]]
84,alfalfa,4,0.8889585757223192,0.7112250114471986,2024-08-15,0.7503068741611068,0.7444944442740148,"[[Timestamp('2024-06-11 00:00:00'), Timestamp('2024-07-16 00:00:00'), Timestamp('2024-08-30 00:00:00'), Timestamp('2024-10-04 00:00:00')]]"
85,alfalfa,4,0.8980195981271812,0.7090413762572481,2024-05-27,0.8039922671514744,0.7725492840813845,"[[Timestamp('2024-06-11 00:00:00'), Timestamp('2024-07-16 00:00:00'), Timestamp('2024-08-30 00:00:00'), Timestamp('2024-10-04 00:00:00')]]"
86,alfalfa,4,0.8737837329403844,0.6606262668303535,2024-08-15,0.725263527801018,0.7121410820717635,"[[Timestamp('2024-06-11 00:00:00'), Timestamp('2024-07-16 00:00:00'), Timestamp('2024-08-30 00:00:00'), Timestamp('2024-10-04 00:00:00')]]"
87,alfalfa,4,0.893433200675468,0.7251014301639711,2024-05-22,0.766085826185502,0.750034878372436,"[[Timestamp('2024-06-06 00:00:00'), Timestamp('2024-07-11 00:00:00'), Timestamp('2024-08-20 00:00:00'), Timestamp('2024-09-29 00:00:00')]]"
88,corn,0,0.8493074412020539,0.15534564245851967,2024-08-20,0.149712696210897,0.7965909847800355,[[]]
89,alfalfa,3,0.86035747673048,0.7085104710571736,2024-06-01,0.7076569846574314,0.7332245942803869,"[[Timestamp('2024-06-16 00:00:00'), Timestamp('2024-08-20 00:00:00'), Timestamp('2024-09-24 00:00:00')]]"
90,alfalfa,4,0.8684628668213218,0.6970792036340235,2024-05-27,0.7052598159238148,0.7192082586715762,"[[Timestamp('2024-06-16 00:00:00'), Timestamp('2024-07-16 00:00:00'), Timestamp('2024-08-20 00:00:00'), Timestamp('2024-09-24 00:00:00')]]"
91,alfalfa,2,0.8468804931063132,0.6974755203343801,2024-09-14,0.4522049046925265,0.7276153030272791,"[[Timestamp('2024-06-21 00:00:00'), Timestamp('2024-08-10 00:00:00')]]"
92,alfalfa,4,0.8981201381892153,0.7499658678972083,2024-06-26,0.7667503467066732,0.7000273102853489,"[[Timestamp('2024-06-06 00:00:00'), Timestamp('2024-07-11 00:00:00'), Timestamp('2024-08-05 00:00:00'), Timestamp('2024-09-19 00:00:00')]]"
93,alfalfa,3,0.8835582537670721,0.679348796281402,2024-05-22,0.797922174857925,0.7204300770544002,"[[Timestamp('2024-06-11 00:00:00'), Timestamp('2024-07-16 00:00:00'), Timestamp('2024-08-20 00:00:00')]]"
94,corn,0,0.8252855165276797,0.505257790469196,2024-07-31,0.505257790469196,0.715088960476289,[[]]
95,alfalfa,4,0.8864271407507243,0.7299224663856275,2024-05-22,0.7762401413979748,0.6964713942148469,"[[Timestamp('2024-06-06 00:00:00'), Timestamp('2024-07-11 00:00:00'), Timestamp('2024-08-20 00:00:00'), Timestamp('2024-09-24 00:00:00')]]"
96,alfalfa,3,0.8698088097643463,0.6543090368868165,2024-07-01,0.7520839330588627,0.7405608293683555,"[[Timestamp('2024-06-11 00:00:00'), Timestamp('2024-07-16 00:00:00'), Timestamp('2024-08-20 00:00:00')]]"
97,alfalfa,4,0.8809812554834929,0.7378264402213885,2024-07-01,0.7982421485080958,0.7630460651997174,"[[Timestamp('2024-06-06 00:00:00'), Timestamp('2024-07-16 00:00:00'), Timestamp('2024-08-20 00:00:00'), Timestamp('2024-09-29 00:00:00')]]"
98,alfalfa,4,0.8929316042462262,0.7170541269948046,2024-05-22,0.7509930455324332,0.7307671450745158,"[[Timestamp('2024-06-06 00:00:00'), Timestamp('2024-07-11 00:00:00'), Timestamp('2024-08-20 00:00:00'), Timestamp('2024-09-29 00:00:00')]]"
99,alfalfa,3,0.890136253804315,0.6318411195845011,2024-05-27,0.7562511535361298,0.7119069411800156,"[[Timestamp('2024-06-11 00:00:00'), Timestamp('2024-07-11 00:00:00'), Timestamp('2024-08-20 00:00:00')]]"
100,corn,0,0.8106647503372622,0.2627611941238543,2024-07-01,0.20633676924918126,0.7925120870757597,[[]]
101,alfalfa,4,0.906512076945922,0.7651474613047669,2024-05-22,0.8266353424204707,0.7181382209063111,"[[Timestamp('2024-06-06 00:00:00'), Timestamp('2024-07-11 00:00:00'), Timestamp('2024-08-20 00:00:00'), Timestamp('2024-09-24 00:00:00')]]"
102,alfalfa,3,0.86374006726246,0.6944647131188249,2024-08-20,0.7728565084014198,0.7630565274922846,"[[Timestamp('2024-06-16 00:00:00'), Timestamp('2024-07-26 00:00:00'), Timestamp('2024-09-04 00:00:00')]]"
103,corn,1,0.8592532665841756,0.6806271632805085,2024-09-19,0.7367508676247814,0.7153957079099955,[[Timestamp('2024-06-21 00:00:00')]]
104,corn,0,0.7818147706541073,0.5826548853302239,2024-09-24,0.6483459319921816,0.5331548047789095,[[]]
105,corn,0,0.8348335174811292,0.3013904183063172,2024-08-20,0.2018361142306046,0.7892213629574117,[[]]
106,corn,0,0.8150097647406728,0.248368676132151,2024-08-15,0.19175468043422583,0.7432625986555398,[[]]
107,corn,0,0.8030849682210986,0.24750214294211814,2024-08-15,0.20294644678042523,0.7357105365285547,[[]]
108,alfalfa,4,0.873590095344027,0.7303272857989112,2024-05-22,0.7990140525045093,0.7006726803284543,"[[Timestamp('2024-06-06 00:00:00'), Timestamp('2024-07-11 00:00:00'), Timestamp('2024-08-10 00:00:00'), Timestamp('2024-09-24 00:00:00')]]"
109,alfalfa,4,0.8920032250375592,0.7591729404571872,2024-05-22,0.8189557650555925,0.705470928164365,"[[Timestamp('2024-06-06 00:00:00'), Timestamp('2024-07-11 00:00:00'), Timestamp('2024-08-10 00:00:00'), Timestamp('2024-09-24 00:00:00')]]"
110,corn,0,0.8241026112568539,0.2727031220919154,2024-08-15,0.18612325274892463,0.7689461133772629,[[]]
111,alfalfa,4,0.8853038432488098,0.7183799966908841,2024-05-27,0.7870962284981659,0.6912332239507283,"[[Timestamp('2024-06-16 00:00:00'), Timestamp('2024-07-11 00:00:00'), Timestamp('2024-08-20 00:00:00'), Timestamp('2024-09-29 00:00:00')]]"
112,alfalfa,4,0.8586633399538298,0.7439238977068299,2024-05-27,0.7734380145182982,0.7310562960466797,"[[Timestamp('2024-06-16 00:00:00'), Timestamp('2024-07-11 00:00:00'), Timestamp('2024-08-20 00:00:00'), Timestamp('2024-09-29 00:00:00')]]"
113,alfalfa,4,0.9027028724040614,0.7392854227059623,2024-05-27,0.7989625013260888,0.7452205784846416,"[[Timestamp('2024-06-11 00:00:00'), Timestamp('2024-07-16 00:00:00'), Timestamp('2024-08-30 00:00:00'), Timestamp('2024-09-29 00:00:00')]]"
114,alfalfa,4,0.8906917563070178,0.6876551865067307,2024-05-27,0.7753317605136041,0.7267720915533463,"[[Timestamp('2024-06-16 00:00:00'), Timestamp('2024-07-21 00:00:00'), Timestamp('2024-08-30 00:00:00'), Timestamp('2024-09-29 00:00:00')]]"
115,alfalfa,4,0.8674542600939651,0.7096452408463803,2024-05-27,0.7412456094808322,0.7336247352025733,"[[Timestamp('2024-06-16 00:00:00'), Timestamp('2024-07-16 00:00:00'), Timestamp('2024-08-20 00:00:00'), Timestamp('2024-10-04 00:00:00')]]"
116,corn,0,0.7929312077616654,0.2368835989524079,2024-08-15,0.19662035119636365,0.7288843923693653,[[]]
117,corn,0,0.8682859045925558,0.5079093343702266,2024-08-15,0.5079093343702266,0.7759561497018702,[[]]
118,alfalfa,4,0.8811575960398946,0.7037789998653614,2024-05-27,0.7366045137764017,0.7470539639905773,"[[Timestamp('2024-06-11 00:00:00'), Timestamp('2024-07-21 00:00:00'), Timestamp('2024-08-30 00:00:00'), Timestamp('2024-09-29 00:00:00')]]"
119,alfalfa,4,0.8772907905249117,0.7083050168843537,2024-05-22,0.7790719519256155,0.713779034586604,"[[Timestamp('2024-06-06 00:00:00'), Timestamp('2024-07-11 00:00:00'), Timestamp('2024-08-20 00:00:00'), Timestamp('2024-09-29 00:00:00')]]"
120,alfalfa,3,0.8604657665043862,0.6379947679612532,2024-05-27,0.7279479015121344,0.646984638595732,"[[Timestamp('2024-06-11 00:00:00'), Timestamp('2024-07-11 00:00:00'), Timestamp('2024-08-20 00:00:00')]]"
121,corn,0,0.7864449975080247,0.257855205222733,2024-08-20,0.23545528103487928,0.729381394206035,[[]]
122,alfalfa,4,0.8985705872515292,0.7303588195240827,2024-05-22,0.7908997216647553,0.7513856316896024,"[[Timestamp('2024-06-11 00:00:00'), Timestamp('2024-07-11 00:00:00'), Timestamp('2024-08-20 00:00:00'), Timestamp('2024-09-24 00:00:00')]]"
123,alfalfa,4,0.8938472437520307,0.7107241292555688,2024-05-27,0.7535545690390447,0.7304861048825093,"[[Timestamp('2024-06-11 00:00:00'), Timestamp('2024-07-16 00:00:00'), Timestamp('2024-08-20 00:00:00'), Timestamp('2024-09-29 00:00:00')]]"
124,alfalfa,4,0.8620520043679679,0.6410376287473534,2024-07-01,0.6786126760299789,0.6990720331963635,"[[Timestamp('2024-06-11 00:00:00'), Timestamp('2024-07-16 00:00:00'), Timestamp('2024-08-15 00:00:00'), Timestamp('2024-09-24 00:00:00')]]"
125,alfalfa,4,0.8667576735935704,0.7116744876016533,2024-05-22,0.7803656564725598,0.654107813289329,"[[Timestamp('2024-06-11 00:00:00'), Timestamp('2024-07-11 00:00:00'), Timestamp('2024-08-10 00:00:00'), Timestamp('2024-09-24 00:00:00')]]"
126,corn,0,0.8222610379269343,0.2765486419682056,2024-08-15,0.21149640402284925,0.7531859066490522,[[]]
127,corn,0,0.7736186033865148,0.46862706022840284,2024-06-11,0.30361931279534854,0.3751281681577396,[[]]
128,alfalfa,3,0.8715937375934749,0.5717440590798728,2024-05-22,0.7244083013356086,0.6715332418953911,"[[Timestamp('2024-06-06 00:00:00'), Timestamp('2024-07-11 00:00:00'), Timestamp('2024-08-10 00:00:00')]]"
129,alfalfa,4,0.8668633390041153,0.7144556982974903,2024-05-27,0.7776779322183567,0.7140385876482275,"[[Timestamp('2024-06-16 00:00:00'), Timestamp('2024-07-16 00:00:00'), Timestamp('2024-08-20 00:00:00'), Timestamp('2024-10-04 00:00:00')]]"
130,alfalfa,4,0.8751347555188969,0.7372101040213003,2024-05-27,0.7920658857800826,0.7150771269522164,"[[Timestamp('2024-06-16 00:00:00'), Timestamp('2024-07-16 00:00:00'), Timestamp('2024-08-20 00:00:00'), Timestamp('2024-09-29 00:00:00')]]"
131,fallow,0,0.5263456967838214,0.3755708320566986,2024-04-22,0.49689585922297963,0.36689698163258716,[[]]
132,alfalfa,4,0.8962658825810573,0.7432849645097342,2024-05-22,0.8053203735685718,0.7369305830931778,"[[Timestamp('2024-06-06 00:00:00'), Timestamp('2024-07-11 00:00:00'), Timestamp('2024-08-20 00:00:00'), Timestamp('2024-09-24 00:00:00')]]"
133,alfalfa,2,0.8349768661978155,0.5360687117711251,2024-08-05,0.1649513201686037,0.6798358871643794,"[[Timestamp('2024-07-11 00:00:00'), Timestamp('2024-08-25 00:00:00')]]"
134,alfalfa,3,0.8236916906932842,0.6284911095091281,2024-05-27,0.7004649685380215,0.6743196121115638,"[[Timestamp('2024-06-11 00:00:00'), Timestamp('2024-07-21 00:00:00'), Timestamp('2024-08-20 00:00:00')]]"
135,corn,0,0.8530140613501008,0.20798448511881434,2024-08-20,0.19912536949382859,0.797761646774831,[[]]
136,fallow,0,0.21556684926294248,0.14922078072781284,2024-05-07,0.2029082341600813,0.14875610442219991,[[]]
137,alfalfa,3,0.8690597494652249,0.6125689607670098,2024-05-27,0.752888585352232,0.6119342379434382,"[[Timestamp('2024-06-11 00:00:00'), Timestamp('2024-07-11 00:00:00'), Timestamp('2024-08-20 00:00:00')]]"
138,alfalfa,2,0.8254834665654043,0.5620416043470278,2024-08-05,0.5593330530669391,0.709330744613682,"[[Timestamp('2024-06-06 00:00:00'), Timestamp('2024-08-20 00:00:00')]]"
139,alfalfa,2,0.8195688569106832,0.6922964943247499,2024-09-24,0.6836768572077385,0.7634621687449576,"[[Timestamp('2024-06-16 00:00:00'), Timestamp('2024-08-10 00:00:00')]]"
140,alfalfa,3,0.8851834058708598,0.6769398504087183,2024-05-22,0.7791237688911996,0.7458337423623541,"[[Timestamp('2024-06-16 00:00:00'), Timestamp('2024-07-21 00:00:00'), Timestamp('2024-09-04 00:00:00')]]"
141,alfalfa,3,0.8661906394853007,0.7337195893904203,2024-08-15,0.766931045541219,0.734123283589252,"[[Timestamp('2024-06-21 00:00:00'), Timestamp('2024-07-26 00:00:00'), Timestamp('2024-08-30 00:00:00')]]"
142,alfalfa,3,0.8784310189331427,0.6254248057357075,2024-05-27,0.7327506780330093,0.7092967932398165,"[[Timestamp('2024-06-11 00:00:00'), Timestamp('2024-07-16 00:00:00'), Timestamp('2024-08-20 00:00:00')]]"
143,corn,0,0.8353402760028722,0.22669501157987457,2024-08-15,0.17042962177303167,0.7933963794020191,[[]]
144,alfalfa,2,0.8257408601756756,0.5709752905956518,2024-08-15,0.614990739035873,0.6411883763773824,"[[Timestamp('2024-06-06 00:00:00'), Timestamp('2024-08-30 00:00:00')]]"
154,corn,0,0.6008612525488868,0.44665736594751976,2024-08-15,0.4340517892399043,0.5295837693271309,[[]]
155,alfalfa,3,0.7394195501851435,0.5876426765263829,2024-07-11,0.6341150459975937,0.6353027173294744,"[[Timestamp('2024-06-21 00:00:00'), Timestamp('2024-07-26 00:00:00'), Timestamp('2024-08-30 00:00:00')]]"
156,fallow,0,0.4624267441318694,0.24791861583079833,2024-04-07,0.3442013223749657,0.25483812244002824,[[]]
157,alfalfa,2,0.864125579680831,0.6912767195488017,2024-10-04,0.4235733981919968,0.7039616920561009,"[[Timestamp('2024-07-01 00:00:00'), Timestamp('2024-09-19 00:00:00')]]"
158,alfalfa,4,0.8420904220582792,0.6998803916681792,2024-05-17,0.7575930347883569,0.6597682459227784,"[[Timestamp('2024-06-06 00:00:00'), Timestamp('2024-07-11 00:00:00'), Timestamp('2024-08-05 00:00:00'), Timestamp('2024-09-19 00:00:00')]]"
159,alfalfa,4,0.8719407284640216,0.678781529387178,2024-05-22,0.728147712908654,0.5938563337574492,"[[Timestamp('2024-06-06 00:00:00'), Timestamp('2024-07-11 00:00:00'), Timestamp('2024-08-10 00:00:00'), Timestamp('2024-09-19 00:00:00')]]"
160,alfalfa,4,0.8795389266625583,0.684899325992298,2024-05-22,0.7407892010021084,0.661089912879933,"[[Timestamp('2024-06-06 00:00:00'), Timestamp('2024-07-11 00:00:00'), Timestamp('2024-08-10 00:00:00'), Timestamp('2024-09-19 00:00:00')]]"
161,alfalfa,4,0.8564122552110277,0.677879537420245,2024-05-22,0.6953003919048544,0.671044408249267,"[[Timestamp('2024-06-06 00:00:00'), Timestamp('2024-07-11 00:00:00'), Timestamp('2024-08-10 00:00:00'), Timestamp('2024-09-19 00:00:00')]]"
162,alfalfa,3,0.8728924424802157,0.75181585627569,2024-05-17,0.8134774952244508,0.7306975006715616,"[[Timestamp('2024-06-06 00:00:00'), Timestamp('2024-07-11 00:00:00'), Timestamp('2024-08-05 00:00:00')]]"
163,alfalfa,4,0.8506463137237645,0.5912965474273355,2024-05-22,0.6633378325188874,0.6257850982748553,"[[Timestamp('2024-06-06 00:00:00'), Timestamp('2024-07-11 00:00:00'), Timestamp('2024-08-20 00:00:00'), Timestamp('2024-09-29 00:00:00')]]"
164,alfalfa,3,0.8883164845201367,0.7507092151250387,2024-05-17,0.770798183044304,0.719282059828103,"[[Timestamp('2024-06-06 00:00:00'), Timestamp('2024-07-11 00:00:00'), Timestamp('2024-08-05 00:00:00')]]"
165,alfalfa,3,0.8913009339626253,0.7118025245389266,2024-05-17,0.7454748359593094,0.7042160739631553,"[[Timestamp('2024-06-01 00:00:00'), Timestamp('2024-08-05 00:00:00'), Timestamp('2024-09-19 00:00:00')]]"
166,alfalfa,4,0.8910323600251838,0.7276766946414976,2024-05-17,0.7516785584863394,0.6982241312886175,"[[Timestamp('2024-06-06 00:00:00'), Timestamp('2024-07-11 00:00:00'), Timestamp('2024-08-05 00:00:00'), Timestamp('2024-09-19 00:00:00')]]"
167,alfalfa,4,0.8811470582234898,0.6703151729817753,2024-05-27,0.7576044994028559,0.679529419950959,"[[Timestamp('2024-06-11 00:00:00'), Timestamp('2024-07-11 00:00:00'), Timestamp('2024-08-20 00:00:00'), Timestamp('2024-09-29 00:00:00')]]"
168,alfalfa,2,0.867057287313911,0.6607638266807556,2024-06-06,0.524202382550464,0.6537558165874117,"[[Timestamp('2024-07-06 00:00:00'), Timestamp('2024-09-24 00:00:00')]]"
169,alfalfa,4,0.8300758903032036,0.6744649918607376,2024-05-17,0.7524147388682304,0.6315466187547675,"[[Timestamp('2024-06-06 00:00:00'), Timestamp('2024-07-11 00:00:00'), Timestamp('2024-08-10 00:00:00'), Timestamp('2024-09-24 00:00:00')]]"
170,alfalfa,4,0.8726291746375422,0.6980657564450881,2024-05-27,0.747829868346837,0.7074252135638949,"[[Timestamp('2024-06-11 00:00:00'), Timestamp('2024-07-16 00:00:00'), Timestamp('2024-08-20 00:00:00'), Timestamp('2024-09-29 00:00:00')]]"
171,alfalfa,4,0.8826081159834623,0.6946056891237099,2024-05-27,0.7287624343918602,0.7113637410109518,"[[Timestamp('2024-06-11 00:00:00'), Timestamp('2024-07-11 00:00:00'), Timestamp('2024-08-20 00:00:00'), Timestamp('2024-09-24 00:00:00')]]"
172,alfalfa,4,0.9033428130379862,0.7125985210352624,2024-05-27,0.7584023388215301,0.7276487670165789,"[[Timestamp('2024-06-11 00:00:00'), Timestamp('2024-07-16 00:00:00'), Timestamp('2024-08-30 00:00:00'), Timestamp('2024-09-29 00:00:00')]]"
173,alfalfa,4,0.8830765668203244,0.739115742793907,2024-05-27,0.7908009588777983,0.7409387538050086,"[[Timestamp('2024-06-11 00:00:00'), Timestamp('2024-07-21 00:00:00'), Timestamp('2024-08-30 00:00:00'), Timestamp('2024-09-24 00:00:00')]]"
174,alfalfa,4,0.8861166990278321,0.7039909458161531,2024-08-15,0.7521750757562293,0.7405220015195678,"[[Timestamp('2024-06-16 00:00:00'), Timestamp('2024-07-21 00:00:00'), Timestamp('2024-08-30 00:00:00'), Timestamp('2024-09-29 00:00:00')]]"
175,alfalfa,3,0.8013423732993564,0.5938764450622728,2024-05-27,0.6524070605897068,0.6676073717168385,"[[Timestamp('2024-06-16 00:00:00'), Timestamp('2024-07-11 00:00:00'), Timestamp('2024-08-20 00:00:00')]]"
176,alfalfa,4,0.8062433893664972,0.6453608603698129,2024-05-22,0.6784568843725727,0.6593661689659536,"[[Timestamp('2024-06-11 00:00:00'), Timestamp('2024-07-11 00:00:00'), Timestamp('2024-08-20 00:00:00'), Timestamp('2024-09-24 00:00:00')]]"
177,fallow,0,0.4952893842730606,0.2542961480324728,2024-05-02,0.4400016773513883,0.2527636449936537,[[]]
178,fallow,0,0.5639488822438947,0.25327916379594284,2024-05-12,0.5098094399210787,0.25197602565352034,[[]]
179,alfalfa,4,0.891024580276108,0.7528881053214138,2024-05-22,0.821729597624941,0.7345507271500029,"[[Timestamp('2024-06-06 00:00:00'), Timestamp('2024-07-11 00:00:00'), Timestamp('2024-08-20 00:00:00'), Timestamp('2024-09-29 00:00:00')]]"
184,alfalfa,4,0.8605473581299964,0.6573704216553837,2024-05-27,0.7584432806024138,0.7126758721168338,"[[Timestamp('2024-06-16 00:00:00'), Timestamp('2024-07-11 00:00:00'), Timestamp('2024-08-20 00:00:00'), Timestamp('2024-09-29 00:00:00')]]"
185,alfalfa,4,0.8572238236649207,0.6870387101681724,2024-05-22,0.7666892936302562,0.6277541530699201,"[[Timestamp('2024-06-11 00:00:00'), Timestamp('2024-07-11 00:00:00'), Timestamp('2024-08-15 00:00:00'), Timestamp('2024-09-24 00:00:00')]]"
186,alfalfa,4,0.8653081384410687,0.7264660276825246,2024-06-26,0.7459764174379602,0.7288086280961653,"[[Timestamp('2024-06-06 00:00:00'), Timestamp('2024-07-11 00:00:00'), Timestamp('2024-08-20 00:00:00'), Timestamp('2024-09-29 00:00:00')]]"
187,corn,0,0.8248992216884109,0.28359700979960034,2024-08-15,0.23492041669880545,0.7751747206673132,[[]]
188,corn,0,0.755364557123416,0.23078990735766491,2024-08-15,0.2166918107493466,0.6560820980007412,[[]]
189,alfalfa,4,0.8889856808209246,0.6625208969307836,2024-05-22,0.7596677935504126,0.7289432229529212,"[[Timestamp('2024-06-06 00:00:00'), Timestamp('2024-07-16 00:00:00'), Timestamp('2024-08-30 00:00:00'), Timestamp('2024-09-29 00:00:00')]]"
190,alfalfa,4,0.8800237097581998,0.6683215225280427,2024-05-22,0.7621099877022768,0.7208419900278762,"[[Timestamp('2024-06-06 00:00:00'), Timestamp('2024-07-16 00:00:00'), Timestamp('2024-08-30 00:00:00'), Timestamp('2024-09-29 00:00:00')]]"
191,alfalfa,4,0.8956474260141031,0.747364475263262,2024-05-17,0.7786477894096062,0.7301048511789717,"[[Timestamp('2024-06-06 00:00:00'), Timestamp('2024-07-11 00:00:00'), Timestamp('2024-08-20 00:00:00'), Timestamp('2024-09-24 00:00:00')]]"
192,corn,0,0.8439165906543084,0.26768978847842206,2024-08-15,0.20476094705729955,0.8039136700327689,[[]]
193,alfalfa,4,0.8820739905711824,0.6985850059306721,2024-08-15,0.7551775630878887,0.7685386580204453,"[[Timestamp('2024-06-11 00:00:00'), Timestamp('2024-07-16 00:00:00'), Timestamp('2024-08-30 00:00:00'), Timestamp('2024-09-29 00:00:00')]]"
194,corn,0,0.8221391654203279,0.23932470736596012,2024-08-15,0.18955219920390104,0.7607308560400697,[[]]
195,alfalfa,4,0.8909012627904623,0.7449666401983268,2024-05-22,0.7950442647090314,0.7247907719507953,"[[Timestamp('2024-06-06 00:00:00'), Timestamp('2024-07-11 00:00:00'), Timestamp('2024-08-20 00:00:00'), Timestamp('2024-09-24 00:00:00')]]"
196,alfalfa,4,0.8271206686343145,0.6639956176710624,2024-07-26,0.7077600966751796,0.6834257933301783,"[[Timestamp('2024-06-06 00:00:00'), Timestamp('2024-07-11 00:00:00'), Timestamp('2024-08-10 00:00:00'), Timestamp('2024-09-24 00:00:00')]]"
197,corn,0,0.7789248658808604,0.2591820475102212,2024-07-26,0.1956282754584629,0.7143945768127916,[[]]
198,alfalfa,4,0.8818872279467241,0.7152817271580206,2024-05-22,0.7702907906885831,0.7086662280596677,"[[Timestamp('2024-06-06 00:00:00'), Timestamp('2024-07-11 00:00:00'), Timestamp('2024-08-10 00:00:00'), Timestamp('2024-09-19 00:00:00')]]"
199,alfalfa,4,0.8857912546199179,0.6803342434162265,2024-05-22,0.7193653082683267,0.6457073366757505,"[[Timestamp('2024-06-06 00:00:00'), Timestamp('2024-07-11 00:00:00'), Timestamp('2024-08-10 00:00:00'), Timestamp('2024-09-24 00:00:00')]]"
200,corn,0,0.8708786309640604,0.24825212489927473,2024-05-17,0.8297301533527912,0.1690722570023545,[[]]
201,alfalfa,3,0.8835391761262098,0.6424591398391212,2024-05-17,0.7745972820782471,0.6982113443741923,"[[Timestamp('2024-06-06 00:00:00'), Timestamp('2024-07-11 00:00:00'), Timestamp('2024-08-20 00:00:00')]]"
202,alfalfa,4,0.9030875661285785,0.7206362495321232,2024-05-17,0.8098501818163395,0.7058221553237827,"[[Timestamp('2024-06-06 00:00:00'), Timestamp('2024-07-11 00:00:00'), Timestamp('2024-08-25 00:00:00'), Timestamp('2024-09-24 00:00:00')]]"
203,alfalfa,4,0.895122581482465,0.7269066356278007,2024-05-22,0.7762930457485895,0.7273646253243191,"[[Timestamp('2024-06-06 00:00:00'), Timestamp('2024-07-11 00:00:00'), Timestamp('2024-08-30 00:00:00'), Timestamp('2024-09-29 00:00:00')]]"
204,alfalfa,4,0.899799131001115,0.7050798456135567,2024-05-22,0.7500724282049327,0.7342525476631613,"[[Timestamp('2024-06-06 00:00:00'), Timestamp('2024-07-11 00:00:00'), Timestamp('2024-08-20 00:00:00'), Timestamp('2024-09-29 00:00:00')]]"
205,alfalfa,4,0.9001243065093857,0.7442590779029539,2024-05-22,0.8181152277998842,0.7308773715303026,"[[Timestamp('2024-06-06 00:00:00'), Timestamp('2024-07-11 00:00:00'), Timestamp('2024-08-20 00:00:00'), Timestamp('2024-09-29 00:00:00')]]"
206,alfalfa,4,0.8381932871068614,0.6705868449757304,2024-05-22,0.7274669318278938,0.6713864732739855,"[[Timestamp('2024-06-06 00:00:00'), Timestamp('2024-07-11 00:00:00'), Timestamp('2024-08-20 00:00:00'), Timestamp('2024-09-29 00:00:00')]]"
207,corn,0,0.8315168954933098,0.22877893789745987,2024-08-20,0.18029528630899863,0.785420756138803,[[]]
208,alfalfa,4,0.8868718736370079,0.7336160317253435,2024-05-17,0.8014401235467097,0.68813281164813,"[[Timestamp('2024-06-06 00:00:00'), Timestamp('2024-07-11 00:00:00'), Timestamp('2024-08-20 00:00:00'), Timestamp('2024-09-24 00:00:00')]]"
209,alfalfa,4,0.871405662701687,0.664445049648194,2024-05-17,0.6819948542163244,0.6626603028955239,"[[Timestamp('2024-06-01 00:00:00'), Timestamp('2024-07-11 00:00:00'), Timestamp('2024-08-20 00:00:00'), Timestamp('2024-09-24 00:00:00')]]"
210,alfalfa,4,0.8951724649811125,0.7907168135413121,2024-05-17,0.8376350467357587,0.7412523288505914,"[[Timestamp('2024-06-06 00:00:00'), Timestamp('2024-07-11 00:00:00'), Timestamp('2024-08-25 00:00:00'), Timestamp('2024-09-24 00:00:00')]]"
211,alfalfa,4,0.8987311286090991,0.7533596734718242,2024-05-22,0.8303554859677458,0.7489008682378518,"[[Timestamp('2024-06-06 00:00:00'), Timestamp('2024-07-11 00:00:00'), Timestamp('2024-08-20 00:00:00'), Timestamp('2024-09-29 00:00:00')]]"
212,alfalfa,4,0.8931121583922731,0.7107116579063175,2024-05-22,0.7478130251186237,0.750508622426097,"[[Timestamp('2024-06-06 00:00:00'), Timestamp('2024-07-11 00:00:00'), Timestamp('2024-08-30 00:00:00'), Timestamp('2024-09-24 00:00:00')]]"
213,alfalfa,4,0.8916229554142823,0.7647189297064891,2024-06-26,0.8132862872501117,0.7223026584782283,"[[Timestamp('2024-06-01 00:00:00'), Timestamp('2024-07-11 00:00:00'), Timestamp('2024-08-20 00:00:00'), Timestamp('2024-09-24 00:00:00')]]"
214,alfalfa,3,0.8815064883754373,0.60724478854849,2024-05-22,0.7362551459086588,0.7080461859440909,"[[Timestamp('2024-06-06 00:00:00'), Timestamp('2024-07-16 00:00:00'), Timestamp('2024-08-25 00:00:00')]]"
215,corn,1,0.8291351266360607,0.5057275631101492,2024-07-26,0.4508165510373632,0.7065637226691058,[[Timestamp('2024-08-10 00:00:00')]]
216,alfalfa,2,0.8634679335138619,0.5664485280310013,2024-08-20,0.346096005606307,0.6818927344336824,"[[Timestamp('2024-07-01 00:00:00'), Timestamp('2024-09-19 00:00:00')]]"
217,alfalfa,4,0.8872158337388644,0.7540170688821811,2024-05-22,0.8033062970196759,0.7246781508663019,"[[Timestamp('2024-06-06 00:00:00'), Timestamp('2024-07-11 00:00:00'), Timestamp('2024-08-10 00:00:00'), Timestamp('2024-09-24 00:00:00')]]"
218,alfalfa,4,0.8728343357549649,0.687222903242735,2024-05-22,0.7442655664366724,0.6395053899176767,"[[Timestamp('2024-06-06 00:00:00'), Timestamp('2024-07-11 00:00:00'), Timestamp('2024-08-15 00:00:00'), Timestamp('2024-09-29 00:00:00')]]"
219,alfalfa,3,0.8611087189417451,0.5756333271662395,2024-05-17,0.7145671670295333,0.6606452889638404,"[[Timestamp('2024-06-06 00:00:00'), Timestamp('2024-07-11 00:00:00'), Timestamp('2024-08-20 00:00:00')]]"
220,alfalfa,4,0.895015627490742,0.6865123069962262,2024-05-22,0.7279861177770396,0.739199543504451,"[[Timestamp('2024-06-06 00:00:00'), Timestamp('2024-07-16 00:00:00'), Timestamp('2024-08-30 00:00:00'), Timestamp('2024-09-24 00:00:00')]]"
221,alfalfa,3,0.855939460741017,0.6109309803827758,2024-05-22,0.6801717623953999,0.7244651818193715,"[[Timestamp('2024-06-06 00:00:00'), Timestamp('2024-07-16 00:00:00'), Timestamp('2024-08-30 00:00:00')]]"
222,corn,0,0.5800973527767336,0.4635317495178477,2024-09-09,0.48962443842548703,0.5307501948528209,[[]]
223,alfalfa,4,0.8540327045928674,0.7006316825245608,2024-05-22,0.7301288576504918,0.7315789888027914,"[[Timestamp('2024-06-06 00:00:00'), Timestamp('2024-07-11 00:00:00'), Timestamp('2024-08-25 00:00:00'), Timestamp('2024-09-29 00:00:00')]]"
224,alfalfa,4,0.9044243169113552,0.7507560424783872,2024-05-22,0.7880585508105127,0.7634176128451501,"[[Timestamp('2024-06-06 00:00:00'), Timestamp('2024-07-11 00:00:00'), Timestamp('2024-08-25 00:00:00'), Timestamp('2024-09-29 00:00:00')]]"
225,alfalfa,4,0.9009198728391455,0.7379204171261172,2024-05-22,0.8145692896518665,0.6735488546909641,"[[Timestamp('2024-06-06 00:00:00'), Timestamp('2024-07-11 00:00:00'), Timestamp('2024-08-10 00:00:00'), Timestamp('2024-09-24 00:00:00')]]"
226,alfalfa,4,0.8995145346246242,0.7391709349260811,2024-05-27,0.8031165972791428,0.7372081720469069,"[[Timestamp('2024-06-11 00:00:00'), Timestamp('2024-07-16 00:00:00'), Timestamp('2024-08-20 00:00:00'), Timestamp('2024-09-29 00:00:00')]]"
227,fallow,0,0.3852693834675358,0.24858107823616968,2024-05-02,0.34693861162263306,0.25307462831378874,[[]]
228,corn,0,0.6640688313527304,0.4697287113789912,2024-05-27,0.568163297700068,0.4623673839207729,[[]]
229,corn,0,0.8268592940386883,0.20679665117586585,2024-08-20,0.17811342416994472,0.7742741319545994,[[]]
230,alfalfa,3,0.8830540864965476,0.6328628305201142,2024-05-27,0.767021898257326,0.7562940990142745,"[[Timestamp('2024-06-11 00:00:00'), Timestamp('2024-07-16 00:00:00'), Timestamp('2024-08-30 00:00:00')]]"
231,fallow,0,0.5673352481446259,0.2953638301703401,2024-05-09,0.5025634674575316,0.29535616151063226,[[]]
232,alfalfa,4,0.8711813629650679,0.7395398707989136,2024-06-26,0.7855970976782627,0.7569404977266906,"[[Timestamp('2024-06-06 00:00:00'), Timestamp('2024-07-11 00:00:00'), Timestamp('2024-08-20 00:00:00'), Timestamp('2024-09-29 00:00:00')]]"
262,alfalfa,4,0.8388367923788939,0.6874371129498856,2024-05-27,0.7428776935388068,0.7170877899094729,"[[Timestamp('2024-06-16 00:00:00'), Timestamp('2024-07-16 00:00:00'), Timestamp('2024-08-20 00:00:00'), Timestamp('2024-10-04 00:00:00')]]"
263,corn,0,0.8333363668608124,0.2766073991235439,2024-08-20,0.19711244687837914,0.788289883885902,[[]]
264,corn,0,0.8239360811671205,0.2171675026380137,2024-05-17,0.7911916283714434,0.21688653116172316,[[]]
265,alfalfa,4,0.8808383133367844,0.7147860840938144,2024-05-22,0.7450502627243176,0.7389303348018806,"[[Timestamp('2024-06-11 00:00:00'), Timestamp('2024-07-16 00:00:00'), Timestamp('2024-08-20 00:00:00'), Timestamp('2024-09-29 00:00:00')]]"
266,alfalfa,3,0.843454300611663,0.5876860965956126,2024-08-15,0.5628463659036209,0.7255371632691777,"[[Timestamp('2024-06-16 00:00:00'), Timestamp('2024-07-16 00:00:00'), Timestamp('2024-08-30 00:00:00')]]"
267,fallow,0,0.5927553765454826,0.1916281530747504,2024-05-07,0.5693273473978668,0.184317665388397,[[]]
268,corn,0,0.8715786528286529,0.19245676903109454,2024-08-15,0.1875657037743524,0.8010331038590316,[[]]
269,alfalfa,4,0.8723886456672645,0.6933194868590262,2024-05-22,0.8006292581083101,0.6613268665097317,"[[Timestamp('2024-06-11 00:00:00'), Timestamp('2024-07-11 00:00:00'), Timestamp('2024-08-20 00:00:00'), Timestamp('2024-09-24 00:00:00')]]"
270,alfalfa,4,0.8546676010748949,0.655030276807091,2024-05-22,0.7346279943974017,0.6576151027088027,"[[Timestamp('2024-06-06 00:00:00'), Timestamp('2024-07-16 00:00:00'), Timestamp('2024-08-20 00:00:00'), Timestamp('2024-09-29 00:00:00')]]"
271,corn,1,0.7671301613665346,0.3487233575719374,2024-05-22,0.620066451348801,0.34184404194135115,[[Timestamp('2024-06-06 00:00:00')]]
272,alfalfa,4,0.8958604676573426,0.7340793252157998,2024-05-27,0.8019913623160693,0.7384948132921766,"[[Timestamp('2024-06-16 00:00:00'), Timestamp('2024-07-16 00:00:00'), Timestamp('2024-08-20 00:00:00'), Timestamp('2024-09-29 00:00:00')]]"
273,alfalfa,4,0.8892410143643804,0.7490442666755669,2024-05-22,0.8101701509888118,0.6912082245099683,"[[Timestamp('2024-06-06 00:00:00'), Timestamp('2024-07-11 00:00:00'), Timestamp('2024-08-10 00:00:00'), Timestamp('2024-09-24 00:00:00')]]"
274,corn,0,0.7343604490005774,0.5854114129608396,2024-05-27,0.6631919730548772,0.285133517530127,[[]]
275,fallow,0,0.5497152682302341,0.38476986969115057,2024-07-11,0.48114846765481956,0.3752317206642528,[[]]
276,corn,0,0.571263512108504,0.5410735755106721,2024-09-09,0.5502074719006933,0.5502093998041794,[[]]
277,alfalfa,3,0.7981142274136673,0.5090814743106021,2024-05-27,0.5990126768347781,0.5668607330380474,"[[Timestamp('2024-06-11 00:00:00'), Timestamp('2024-07-21 00:00:00'), Timestamp('2024-08-30 00:00:00')]]"
278,alfalfa,4,0.8845968804020625,0.7231976683023811,2024-05-22,0.7527628231457886,0.7307479283556123,"[[Timestamp('2024-06-06 00:00:00'), Timestamp('2024-07-11 00:00:00'), Timestamp('2024-08-20 00:00:00'), Timestamp('2024-09-24 00:00:00')]]"
279,corn,1,0.8150263360146083,0.48666648405356483,2024-07-31,0.28045310486515607,0.7304150156997608,[[Timestamp('2024-08-20 00:00:00')]]
280,alfalfa,3,0.8878638644042823,0.7563603851345458,2024-05-27,0.7630577605190758,0.7772162391991336,"[[Timestamp('2024-06-11 00:00:00'), Timestamp('2024-08-20 00:00:00'), Timestamp('2024-09-29 00:00:00')]]"
281,alfalfa,2,0.7860875258386613,0.6109662880261044,2024-08-05,0.6446347337496012,0.6962585337921966,"[[Timestamp('2024-06-11 00:00:00'), Timestamp('2024-08-25 00:00:00')]]"
282,corn,0,0.8378280623692924,0.20738057929546805,2024-08-15,0.2064303001349737,0.7930095620752003,[[]]
283,corn,0,0.8229024868250577,0.25892822926743014,2024-08-20,0.25892822926743014,0.7704677578670308,[[]]
284,corn,0,0.7855864894437908,0.2584322400423805,2024-08-15,0.20659462700755343,0.7055439665477591,[[]]
285,corn,0,0.8250555340977165,0.27974800298830654,2024-08-15,0.24066025411159578,0.7512638078330154,[[]]
286,corn,0,0.8520434574374836,0.2454442563737364,2024-08-15,0.2390037002895355,0.8086617303009639,[[]]
287,fallow,0,0.25131879890410486,0.15021564769393597,2024-05-07,0.2185629188125689,0.14995164410430084,[[]]
288,fallow,0,0.23327638004783635,0.1616583099558139,2024-05-07,0.21277069754104194,0.1611501064372876,[[]]
289,alfalfa,4,0.9004945106414869,0.7257432325623876,2024-05-27,0.8077652175134892,0.7543796720436151,"[[Timestamp('2024-06-16 00:00:00'), Timestamp('2024-07-21 00:00:00'), Timestamp('2024-08-30 00:00:00'), Timestamp('2024-09-29 00:00:00')]]"
290,alfalfa,4,0.8968634370061391,0.7014006062142901,2024-05-27,0.776719526406364,0.7509522968332117,"[[Timestamp('2024-06-16 00:00:00'), Timestamp('2024-07-21 00:00:00'), Timestamp('2024-08-30 00:00:00'), Timestamp('2024-09-29 00:00:00')]]"
291,alfalfa,3,0.898834346607106,0.6310284138853761,2024-05-27,0.7586637182029914,0.7292048468641207,"[[Timestamp('2024-06-11 00:00:00'), Timestamp('2024-07-11 00:00:00'), Timestamp('2024-08-20 00:00:00')]]"
292,alfalfa,2,0.8420845232219246,0.524291022419117,2024-08-05,0.16038401932797733,0.6805423651753396,"[[Timestamp('2024-07-11 00:00:00'), Timestamp('2024-08-25 00:00:00')]]"
293,alfalfa,3,0.8763647064496075,0.6525167271949338,2024-05-22,0.7492068615954253,0.6554986864476601,"[[Timestamp('2024-06-06 00:00:00'), Timestamp('2024-07-11 00:00:00'), Timestamp('2024-08-10 00:00:00')]]"
294,corn,1,0.8282436105992028,0.43234132381192875,2024-08-20,0.5360576449564014,0.7698039688827801,[[Timestamp('2024-06-01 00:00:00')]]
295,corn,0,0.8517013433101969,0.2123659603054234,2024-08-20,0.16017542582985683,0.8029040892890323,[[]]
296,alfalfa,4,0.8855567795299937,0.6832142329259144,2024-05-22,0.7715843709379795,0.6862292373941369,"[[Timestamp('2024-06-06 00:00:00'), Timestamp('2024-07-11 00:00:00'), Timestamp('2024-08-10 00:00:00'), Timestamp('2024-09-29 00:00:00')]]"
297,alfalfa,4,0.8846302629052164,0.7036269438873377,2024-05-22,0.7730035209203606,0.6991857495191921,"[[Timestamp('2024-06-06 00:00:00'), Timestamp('2024-07-11 00:00:00'), Timestamp('2024-08-10 00:00:00'), Timestamp('2024-09-29 00:00:00')]]"
298,alfalfa,4,0.891175415056641,0.7191359788319114,2024-05-27,0.7742832244690916,0.7374699557692924,"[[Timestamp('2024-06-11 00:00:00'), Timestamp('2024-07-16 00:00:00'), Timestamp('2024-08-30 00:00:00'), Timestamp('2024-09-29 00:00:00')]]"
299,corn,0,0.8217288427644326,0.2358164809221401,2024-08-15,0.19724904860557899,0.7622067120895779,[[]]
300,alfalfa,4,0.8824114744247007,0.659979994831001,2024-05-22,0.7445628763592029,0.6297137061091488,"[[Timestamp('2024-06-06 00:00:00'), Timestamp('2024-07-11 00:00:00'), Timestamp('2024-08-10 00:00:00'), Timestamp('2024-09-19 00:00:00')]]"
301,alfalfa,4,0.8898167873430728,0.6836931977725524,2024-05-22,0.7360606663461143,0.7059365562380022,"[[Timestamp('2024-06-06 00:00:00'), Timestamp('2024-07-11 00:00:00'), Timestamp('2024-08-20 00:00:00'), Timestamp('2024-09-29 00:00:00')]]"
302,alfalfa,4,0.884693921939883,0.6762570344803241,2024-05-27,0.7990582683213299,0.685968118957773,"[[Timestamp('2024-06-16 00:00:00'), Timestamp('2024-07-21 00:00:00'), Timestamp('2024-08-30 00:00:00'), Timestamp('2024-10-04 00:00:00')]]"
303,alfalfa,4,0.8880159124009346,0.7315726445136919,2024-08-15,0.785375289249172,0.7686122485472854,"[[Timestamp('2024-06-16 00:00:00'), Timestamp('2024-07-21 00:00:00'), Timestamp('2024-08-30 00:00:00'), Timestamp('2024-10-04 00:00:00')]]"
304,corn,0,0.8638152453139115,0.15103224729350156,2024-08-20,0.1463721408861224,0.8000182609247969,[[]]
305,alfalfa,4,0.8870955366452512,0.7428454285285317,2024-05-27,0.802631709236314,0.7158224343485428,"[[Timestamp('2024-06-16 00:00:00'), Timestamp('2024-07-11 00:00:00'), Timestamp('2024-08-20 00:00:00'), Timestamp('2024-09-29 00:00:00')]]"
306,alfalfa,4,0.850894449608119,0.678337653222447,2024-05-27,0.6960508994606402,0.6945463550563539,"[[Timestamp('2024-06-11 00:00:00'), Timestamp('2024-07-16 00:00:00'), Timestamp('2024-08-20 00:00:00'), Timestamp('2024-10-04 00:00:00')]]"
307,alfalfa,3,0.7437009517834076,0.5588464745326114,2024-05-27,0.6105080925799715,0.5992160149593572,"[[Timestamp('2024-06-11 00:00:00'), Timestamp('2024-07-16 00:00:00'), Timestamp('2024-08-25 00:00:00')]]"
308,alfalfa,4,0.7867380117441153,0.6417925175478276,2024-05-27,0.6427858471010327,0.6566648662176311,"[[Timestamp('2024-06-11 00:00:00'), Timestamp('2024-07-16 00:00:00'), Timestamp('2024-08-20 00:00:00'), Timestamp('2024-10-04 00:00:00')]]"
